Workbook
Name _Hlk210070090: 'E-EM-RIM-CTb'!$A$3

Sheet E-Resumen
A1: Proceso | B1: Rutinario (Si/No) | C1: Identificación | G1: Evaluación del riesgo | R1: Criterios para establecer controles
C2: Peligro | D2: Código | E2: Riesgo | F2: Clasificación | G2: Nivel de Deficiencia (ND) | H2: Interpretación del Nivel de Deficiencia,(ND) | I2: Nivel de Exposición (NE) | J2: Interpretación del Nivel de Exposición (NE) | K2: Nivel de Probabilidad (NP) [ND X NE] | L2: Interpretación del Nivel de Probabilidad (NP) | M2: Nivel de Consecuencia (NC) | N2: Interpretación del Nivel de Consecuencia (NC) | O2: Nivel de Riesgo (NR) | P2: Nivel de Intervención (NI) | Q2: Interpretación del NR | R2: Peor consecuencia | S2: Existencia Requisito Legal Específico Asociado (Si/No) | U2: I-Resumen'!A1
A3: Obras preliminares | B3: Si | C3: =IF(D3="","",IF(D3="010-E","Trabajo en altura/ zonas con desnivel",IF(D3="020-E","Superficies irregulares u obstruidas",IF(D3="030-E","Estructuras inestables/ espacios confinados",IF(D3="040-E","Desprendimiento de objetos",IF(D3="090-E","Manipulación de máquinas/ herramientas",IF(D3="100-E","Operaciones de conformado",IF(D3="110-E","Objetos fijos o móviles",IF(D3="250a-E","Situaciones fortuitas",IF(D3="230-E","Colisión/ impacto vehicular",IF(D3="250b-E","Situaciones fortuitas",IF(D3="160-E","Energía eléctrica",IF(D3="150a-E","Fuentes de calor",IF(D3="150b-E","Fuentes de calor",IF(D3="150c-E","Fuentes de calor",IF(D3="570","Condiciones inadecuadas",IF(D3="120-I","Maquinaria pesada",IF(D3="330","Niveles sonoros",IF(D3="340","Movimientos oscilatorios",IF(D3="360","Fuentes emisoras de energía",IF(D3="170","Sustancias químicas",IF(D3="380","Niveles lumínicos",IF(D3="010-I","Trabajo en altura/ zonas con desnivel",IF(D3="020-I","Superficies irregulares u obstruidas",IF(D3="030-I","Estructuras inestables/ espacios confinados",IF(D3="040-I","Desprendimiento de objetos",IF(D3="090-I","Manipulación de máquinas/ herramientas",IF(D3="100-I","Operaciones de conformado",IF(D3="110-I","Objetos fijos o móviles",IF(D3="250a-I","Situaciones fortuitas",IF(D3="230-I","Colisión/ impacto vehicular",IF(D3="250b-I","Situaciones fortuitas",IF(D3="160-I","Energía eléctrica",IF(D3="390","Atmósferas contaminadas",IF(D3="130","Posturas forzadas/ manipulación manual de cargas"))))))))))))))))))))))))))))))))))) -> Niveles sonoros | D3: 330 | E3: =IF(D3="","",IF(D3="010-E","Caída de personas a distinto nivel",IF(D3="020-E","Caída de personas al mismo nivel",IF(D3="030-E","Caída de objetos por desplome",IF(D3="040-E","Caída de objetos en manipulación",IF(D3="090-E","Golpes/cortes por objetos o herramientas",IF(D3="110-E","Atrapamiento por o entre objetos",IF(D3="100-E","Proyección de fragmentos o partículas",IF(D3="230-E","Atropellos o golpes con vehículos",IF(D3="250a-E","Otros riesgos de accidente a) inherentes a la manipulación de herramientas eléctricas",IF(D3="250b-E","Otros riesgos de accidente b) Inherentes a la manipulación de herramientas manuales",IF(D3="160-E","Contactos Eléctricos",IF(D3="150a-E","Contactos térmicos a) inherentes al trabajador",IF(D3="150b-E","Contactos térmicos b) inherentes a la manipulación de elementos estructurales",IF(D3="150c-E","Contactos térmicos c) inherentes al proceso de soldadura",IF(D3="570","Organización del trabajo incorrecta",IF(D3="120-I","Atrapamiento por vuelco de máquinas",IF(D3="","",IF(D3="010-I","Caída de personas a distinto nivel",IF(D3="020-I","Caída de personas al mismo nivel",IF(D3="030-I","Caída de objetos por desplome",IF(D3="040-I","Caída de objetos en manipulación",IF(D3="090-I","Golpes/cortes por objetos o herramientas",IF(D3="110-I","Atrapamiento por o entre objetos",IF(D3="100-I","Proyección de fragmentos o partículas",IF(D3="230-I","Atropellos o golpes con vehículos",IF(D3="250a-I","Otros riesgos de accidente a) inherentes a la manipulación de herramientas eléctricas",IF(D3="250b-I","Otros riesgos de accidente b) Inherentes a la manipulación de herramientas manuales",IF(D3="390","Otra exposición a) asfixia o intoxicación",IF(D3="160-I","Contactos Eléctricos",IF(D3="570","Organización del trabajo incorrecta",IF(D3="120-I","Atrapamiento por vuelco de máquinas",IF(D3="330","Ruido",IF(D3="340","Vibración",IF(D3="360","Radiaciones ionizantes",IF(D3="170","Exposición a sustancias nocivas",IF(D3="130","Sobreesfuerzos",IF(D3="380","Iluminación",IF(D3="330","Ruido",IF(D3="340","Vibración",IF(D3="360","Radiaciones ionizantes",IF(D3="170","Exposición a sustancias nocivas",IF(D3="130","Sobreesfuerzos",IF(D3="380","Iluminación")))))))))))))))))))))))))))))))))))))))))))) -> Ruido | F3: =IF(D3="","",IF(D3="010-E","Riesgo de seguridad (Riesgo Mecánico)",IF(D3="020-E","Riesgo de seguridad (Riesgo Mecánico)",IF(D3="030-E","Riesgo de seguridad (Riesgo Mecánico)",IF(D3="040-E","Riesgo de seguridad (Riesgo Mecánico)",IF(D3="090-E","Riesgo de seguridad (Riesgo Mecánico)",IF(D3="110-E","Riesgo de seguridad (Riesgo Mecánico)",IF(D3="100-E","Riesgo de seguridad (Riesgo Mecánico)",IF(D3="230-E","Riesgo de seguridad (Riesgo Mecánico)",IF(D3="250a-E","Riesgo de seguridad (Riesgo Mecánico)",IF(D3="250b-E","Riesgo de seguridad (Riesgo Mecánico)",IF(D3="160-E","Riesgo de seguridad (Riesgo Eléctrico)",IF(D3="150a-E","Riesgo de seguridad (Riesgo Industrial Mayor)",IF(D3="150b-E","Riesgo de seguridad (Riesgo Industrial Mayor)",IF(D3="150c-E","Riesgo de seguridad (Riesgo Industrial Mayor)",IF(D3="570","Riesgo de seguridad (Riesgo Locativo)",IF(D3="120-I","Riesgo Mecánico",IF(D3="330","Riesgo Físico",IF(D3="340","Riesgo Físico",IF(D3="360","Riesgo Físico",IF(D3="170","Riesgo Químico",IF(D3="130","Riesgo Ergonómico",IF(D3="380","Riesgo Físico",IF(D3="010-I","Riesgo de seguridad (Riesgo Mecánico)",IF(D3="020-I","Riesgo de seguridad (Riesgo Mecánico)",IF(D3="030-I","Riesgo de seguridad (Riesgo Mecánico)",IF(D3="040-I","Riesgo de seguridad (Riesgo Mecánico)",IF(D3="090-I","Riesgo de seguridad (Riesgo Mecánico)",IF(D3="110-I","Riesgo de seguridad (Riesgo Mecánico)",IF(D3="100-I","Riesgo de seguridad (Riesgo Mecánico)",IF(D3="230-I","Riesgo de seguridad (Riesgo Mecánico)",IF(D3="250a-I","Riesgo de seguridad (Riesgo Mecánico)",IF(D3="250b-I","Riesgo de seguridad (Riesgo Mecánico)",IF(D3="160-I","Riesgo de seguridad (Riesgo Eléctrico)",IF(D3="590","Riesgo de seguridad (Riesgo Mecánico)"))))))))))))))))))))))))))))))))))) -> Riesgo Físico | G3: ='E-OP-RC-RF-R'!I13 -> 10 | H3: =IF(G3="","",IF(AND(G3<=10,G3>6),"MD",IF(AND(G3<=6,G3>2),"D",IF(AND(G3<=2,G3>0),"M",IF(G3=0,"B"))))) -> MD | I3: 3 | J3: =IF(I3=4,"EC",IF(I3=3,"EF",IF(I3=2,"EO",IF(I3=1,"EE","")))) -> EF | K3: =IF(I3="","",G3*I3) -> 30 | L3: =IF(K3="","",IF(K3>=24,"MA",IF(AND(K3<24,K3>8),"A",IF(AND(K3<=8,K3>4),"M",IF(AND(K3<=4,K3>=0),"B"))))) -> MA | M3: 25 | N3: =IF(M3="","",IF(M3=100,"M",IF(M3=60,"MG",IF(M3=25,"G",IF(M3=10,"L",""))))) -> G | O3: =IF(M3="","",ROUND(M3*K3,0)) -> 750 | P3: =IF(O3="","",IF(O3="","",IF(AND(O3<=4000,O3>500),"I",IF(AND(O3<=500,O3>120),"II",IF(AND(O3<=120,O3>20),"III",IF(O3<=20,"IV")))))) -> I | Q3: =IF(P3="","",IF(P3="I","Situación Crítica. Corrección urgente.",IF(P3="II","Corregir y adoptar medidas de control.",IF(P3="III","Mejorar si es posible. Sería conveniente justificar la intervención y su rentabilidad.",IF(P3="IV","No intervenir, salvo que un análisis más preciso lo justifique."))))) -> Situación Crítica. Corrección urgente. | R3: =IF(M3=10,"Pequeñas lesiones que no requieren hospitalización.",IF(M3=25,"Lesiones con incapacidad laboral transitoria (I. L. T.).",IF(M3=60,"Lesiones graves que pueden ser irreparables.",IF(M3=100,"1 muerto o más.")))) -> Lesiones con incapacidad laboral transitoria (I. L. T.). | S3: Si
B4: Si | C4: =IF(D4="","",IF(D4="010-E","Trabajo en altura/ zonas con desnivel",IF(D4="020-E","Superficies irregulares u obstruidas",IF(D4="030-E","Estructuras inestables/ espacios confinados",IF(D4="040-E","Desprendimiento de objetos",IF(D4="090-E","Manipulación de máquinas/ herramientas",IF(D4="100-E","Operaciones de conformado",IF(D4="110-E","Objetos fijos o móviles",IF(D4="250a-E","Situaciones fortuitas",IF(D4="230-E","Colisión/ impacto vehicular",IF(D4="250b-E","Situaciones fortuitas",IF(D4="160-E","Energía eléctrica",IF(D4="150a-E","Fuentes de calor",IF(D4="150b-E","Fuentes de calor",IF(D4="150c-E","Fuentes de calor",IF(D4="570","Condiciones inadecuadas",IF(D4="120-I","Maquinaria pesada",IF(D4="330","Niveles sonoros",IF(D4="340","Movimientos oscilatorios",IF(D4="360","Fuentes emisoras de energía",IF(D4="170","Sustancias químicas",IF(D4="380","Niveles lumínicos",IF(D4="010-I","Trabajo en altura/ zonas con desnivel",IF(D4="020-I","Superficies irregulares u obstruidas",IF(D4="030-I","Estructuras inestables/ espacios confinados",IF(D4="040-I","Desprendimiento de objetos",IF(D4="090-I","Manipulación de máquinas/ herramientas",IF(D4="100-I","Operaciones de conformado",IF(D4="110-I","Objetos fijos o móviles",IF(D4="250a-I","Situaciones fortuitas",IF(D4="230-I","Colisión/ impacto vehicular",IF(D4="250b-I","Situaciones fortuitas",IF(D4="160-I","Energía eléctrica",IF(D4="390","Atmósferas contaminadas",IF(D4="130","Posturas forzadas/ manipulación manual de cargas"))))))))))))))))))))))))))))))))))) -> Niveles lumínicos | D4: 380 | E4: =IF(D4="","",IF(D4="010-E","Caída de personas a distinto nivel",IF(D4="020-E","Caída de personas al mismo nivel",IF(D4="030-E","Caída de objetos por desplome",IF(D4="040-E","Caída de objetos en manipulación",IF(D4="090-E","Golpes/cortes por objetos o herramientas",IF(D4="110-E","Atrapamiento por o entre objetos",IF(D4="100-E","Proyección de fragmentos o partículas",IF(D4="230-E","Atropellos o golpes con vehículos",IF(D4="250a-E","Otros riesgos de accidente a) inherentes a la manipulación de herramientas eléctricas",IF(D4="250b-E","Otros riesgos de accidente b) Inherentes a la manipulación de herramientas manuales",IF(D4="160-E","Contactos Eléctricos",IF(D4="150a-E","Contactos térmicos a) inherentes al trabajador",IF(D4="150b-E","Contactos térmicos b) inherentes a la manipulación de elementos estructurales",IF(D4="150c-E","Contactos térmicos c) inherentes al proceso de soldadura",IF(D4="570","Organización del trabajo incorrecta",IF(D4="120-I","Atrapamiento por vuelco de máquinas",IF(D4="","",IF(D4="010-I","Caída de personas a distinto nivel",IF(D4="020-I","Caída de personas al mismo nivel",IF(D4="030-I","Caída de objetos por desplome",IF(D4="040-I","Caída de objetos en manipulación",IF(D4="090-I","Golpes/cortes por objetos o herramientas",IF(D4="110-I","Atrapamiento por o entre objetos",IF(D4="100-I","Proyección de fragmentos o partículas",IF(D4="230-I","Atropellos o golpes con vehículos",IF(D4="250a-I","Otros riesgos de accidente a) inherentes a la manipulación de herramientas eléctricas",IF(D4="250b-I","Otros riesgos de accidente b) Inherentes a la manipulación de herramientas manuales",IF(D4="390","Otra exposición a) asfixia o intoxicación",IF(D4="160-I","Contactos Eléctricos",IF(D4="570","Organización del trabajo incorrecta",IF(D4="120-I","Atrapamiento por vuelco de máquinas",IF(D4="330","Ruido",IF(D4="340","Vibración",IF(D4="360","Radiaciones ionizantes",IF(D4="170","Exposición a sustancias nocivas",IF(D4="130","Sobreesfuerzos",IF(D4="380","Iluminación",IF(D4="330","Ruido",IF(D4="340","Vibración",IF(D4="360","Radiaciones ionizantes",IF(D4="170","Exposición a sustancias nocivas",IF(D4="130","Sobreesfuerzos",IF(D4="380","Iluminación")))))))))))))))))))))))))))))))))))))))))))) -> Iluminación | F4: =IF(D4="","",IF(D4="010-E","Riesgo de seguridad (Riesgo Mecánico)",IF(D4="020-E","Riesgo de seguridad (Riesgo Mecánico)",IF(D4="030-E","Riesgo de seguridad (Riesgo Mecánico)",IF(D4="040-E","Riesgo de seguridad (Riesgo Mecánico)",IF(D4="090-E","Riesgo de seguridad (Riesgo Mecánico)",IF(D4="110-E","Riesgo de seguridad (Riesgo Mecánico)",IF(D4="100-E","Riesgo de seguridad (Riesgo Mecánico)",IF(D4="230-E","Riesgo de seguridad (Riesgo Mecánico)",IF(D4="250a-E","Riesgo de seguridad (Riesgo Mecánico)",IF(D4="250b-E","Riesgo de seguridad (Riesgo Mecánico)",IF(D4="160-E","Riesgo de seguridad (Riesgo Eléctrico)",IF(D4="150a-E","Riesgo de seguridad (Riesgo Industrial Mayor)",IF(D4="150b-E","Riesgo de seguridad (Riesgo Industrial Mayor)",IF(D4="150c-E","Riesgo de seguridad (Riesgo Industrial Mayor)",IF(D4="570","Riesgo de seguridad (Riesgo Locativo)",IF(D4="120-I","Riesgo Mecánico",IF(D4="330","Riesgo Físico",IF(D4="340","Riesgo Físico",IF(D4="360","Riesgo Físico",IF(D4="170","Riesgo Químico",IF(D4="130","Riesgo Ergonómico",IF(D4="380","Riesgo Físico",IF(D4="010-I","Riesgo de seguridad (Riesgo Mecánico)",IF(D4="020-I","Riesgo de seguridad (Riesgo Mecánico)",IF(D4="030-I","Riesgo de seguridad (Riesgo Mecánico)",IF(D4="040-I","Riesgo de seguridad (Riesgo Mecánico)",IF(D4="090-I","Riesgo de seguridad (Riesgo Mecánico)",IF(D4="110-I","Riesgo de seguridad (Riesgo Mecánico)",IF(D4="100-I","Riesgo de seguridad (Riesgo Mecánico)",IF(D4="230-I","Riesgo de seguridad (Riesgo Mecánico)",IF(D4="250a-I","Riesgo de seguridad (Riesgo Mecánico)",IF(D4="250b-I","Riesgo de seguridad (Riesgo Mecánico)",IF(D4="160-I","Riesgo de seguridad (Riesgo Eléctrico)",IF(D4="590","Riesgo de seguridad (Riesgo Mecánico)"))))))))))))))))))))))))))))))))))) -> Riesgo Físico | G4: ='E-OP-RC-RF-I'!I12 -> 6.8421053 | H4: =IF(G4="","",IF(AND(G4<=10,G4>6),"MD",IF(AND(G4<=6,G4>2),"D",IF(AND(G4<=2,G4>0),"M",IF(G4=0,"B"))))) -> MD | I4: 1 | J4: =IF(I4=4,"EC",IF(I4=3,"EF",IF(I4=2,"EO",IF(I4=1,"EE","")))) -> EE | K4: =IF(I4="","",G4*I4) -> 6.8421053 | L4: =IF(K4="","",IF(K4>=24,"MA",IF(AND(K4<24,K4>8),"A",IF(AND(K4<=8,K4>4),"M",IF(AND(K4<=4,K4>=0),"B"))))) -> M | M4: 25 | N4: =IF(M4="","",IF(M4=100,"M",IF(M4=60,"MG",IF(M4=25,"G",IF(M4=10,"L",""))))) -> G | O4: =IF(M4="","",ROUND(M4*K4,0)) -> 171 | P4: =IF(O4="","",IF(O4="","",IF(AND(O4<=4000,O4>500),"I",IF(AND(O4<=500,O4>120),"II",IF(AND(O4<=120,O4>20),"III",IF(O4<=20,"IV")))))) -> II | Q4: =IF(P4="","",IF(P4="I","Situación Crítica. Corrección urgente.",IF(P4="II","Corregir y adoptar medidas de control.",IF(P4="III","Mejorar si es posible. Sería conveniente justificar la intervención y su rentabilidad.",IF(P4="IV","No intervenir, salvo que un análisis más preciso lo justifique."))))) -> Corregir y adoptar medidas de control. | R4: =IF(M4=10,"Pequeñas lesiones que no requieren hospitalización.",IF(M4=25,"Lesiones con incapacidad laboral transitoria (I. L. T.).",IF(M4=60,"Lesiones graves que pueden ser irreparables.",IF(M4=100,"1 muerto o más.")))) -> Lesiones con incapacidad laboral transitoria (I. L. T.). | S4: Si
B5: Si | C5: =IF(D5="","",IF(D5="010-E","Trabajo en altura/ zonas con desnivel",IF(D5="020-E","Superficies irregulares u obstruidas",IF(D5="030-E","Estructuras inestables/ espacios confinados",IF(D5="040-E","Desprendimiento de objetos",IF(D5="090-E","Manipulación de máquinas/ herramientas",IF(D5="100-E","Operaciones de conformado",IF(D5="110-E","Objetos fijos o móviles",IF(D5="250a-E","Situaciones fortuitas",IF(D5="230-E","Colisión/ impacto vehicular",IF(D5="250b-E","Situaciones fortuitas",IF(D5="160-E","Energía eléctrica",IF(D5="150a-E","Fuentes de calor",IF(D5="150b-E","Fuentes de calor",IF(D5="150c-E","Fuentes de calor",IF(D5="570","Condiciones inadecuadas",IF(D5="120-I","Maquinaria pesada",IF(D5="330","Niveles sonoros",IF(D5="340","Movimientos oscilatorios",IF(D5="360","Fuentes emisoras de energía",IF(D5="170","Sustancias químicas",IF(D5="380","Niveles lumínicos",IF(D5="010-I","Trabajo en altura/ zonas con desnivel",IF(D5="020-I","Superficies irregulares u obstruidas",IF(D5="030-I","Estructuras inestables/ espacios confinados",IF(D5="040-I","Desprendimiento de objetos",IF(D5="090-I","Manipulación de máquinas/ herramientas",IF(D5="100-I","Operaciones de conformado",IF(D5="110-I","Objetos fijos o móviles",IF(D5="250a-I","Situaciones fortuitas",IF(D5="230-I","Colisión/ impacto vehicular",IF(D5="250b-I","Situaciones fortuitas",IF(D5="160-I","Energía eléctrica",IF(D5="390","Atmósferas contaminadas",IF(D5="130","Posturas forzadas/ manipulación manual de cargas"))))))))))))))))))))))))))))))))))) -> Condiciones inadecuadas | D5: 570 | E5: =IF(D5="","",IF(D5="010-E","Caída de personas a distinto nivel",IF(D5="020-E","Caída de personas al mismo nivel",IF(D5="030-E","Caída de objetos por desplome",IF(D5="040-E","Caída de objetos en manipulación",IF(D5="090-E","Golpes/cortes por objetos o herramientas",IF(D5="110-E","Atrapamiento por o entre objetos",IF(D5="100-E","Proyección de fragmentos o partículas",IF(D5="230-E","Atropellos o golpes con vehículos",IF(D5="250a-E","Otros riesgos de accidente a) inherentes a la manipulación de herramientas eléctricas",IF(D5="250b-E","Otros riesgos de accidente b) Inherentes a la manipulación de herramientas manuales",IF(D5="160-E","Contactos Eléctricos",IF(D5="150a-E","Contactos térmicos a) inherentes al trabajador",IF(D5="150b-E","Contactos térmicos b) inherentes a la manipulación de elementos estructurales",IF(D5="150c-E","Contactos térmicos c) inherentes al proceso de soldadura",IF(D5="570","Organización del trabajo incorrecta",IF(D5="120-I","Atrapamiento por vuelco de máquinas",IF(D5="","",IF(D5="010-I","Caída de personas a distinto nivel",IF(D5="020-I","Caída de personas al mismo nivel",IF(D5="030-I","Caída de objetos por desplome",IF(D5="040-I","Caída de objetos en manipulación",IF(D5="090-I","Golpes/cortes por objetos o herramientas",IF(D5="110-I","Atrapamiento por o entre objetos",IF(D5="100-I","Proyección de fragmentos o partículas",IF(D5="230-I","Atropellos o golpes con vehículos",IF(D5="250a-I","Otros riesgos de accidente a) inherentes a la manipulación de herramientas eléctricas",IF(D5="250b-I","Otros riesgos de accidente b) Inherentes a la manipulación de herramientas manuales",IF(D5="390","Otra exposición a) asfixia o intoxicación",IF(D5="160-I","Contactos Eléctricos",IF(D5="570","Organización del trabajo incorrecta",IF(D5="120-I","Atrapamiento por vuelco de máquinas",IF(D5="330","Ruido",IF(D5="340","Vibración",IF(D5="360","Radiaciones ionizantes",IF(D5="170","Exposición a sustancias nocivas",IF(D5="130","Sobreesfuerzos",IF(D5="380","Iluminación",IF(D5="330","Ruido",IF(D5="340","Vibración",IF(D5="360","Radiaciones ionizantes",IF(D5="170","Exposición a sustancias nocivas",IF(D5="130","Sobreesfuerzos",IF(D5="380","Iluminación")))))))))))))))))))))))))))))))))))))))))))) -> Organización del trabajo incorrecta | F5: =IF(D5="","",IF(D5="010-E","Riesgo de seguridad (Riesgo Mecánico)",IF(D5="020-E","Riesgo de seguridad (Riesgo Mecánico)",IF(D5="030-E","Riesgo de seguridad (Riesgo Mecánico)",IF(D5="040-E","Riesgo de seguridad (Riesgo Mecánico)",IF(D5="090-E","Riesgo de seguridad (Riesgo Mecánico)",IF(D5="110-E","Riesgo de seguridad (Riesgo Mecánico)",IF(D5="100-E","Riesgo de seguridad (Riesgo Mecánico)",IF(D5="230-E","Riesgo de seguridad (Riesgo Mecánico)",IF(D5="250a-E","Riesgo de seguridad (Riesgo Mecánico)",IF(D5="250b-E","Riesgo de seguridad (Riesgo Mecánico)",IF(D5="160-E","Riesgo de seguridad (Riesgo Eléctrico)",IF(D5="150a-E","Riesgo de seguridad (Riesgo Industrial Mayor)",IF(D5="150b-E","Riesgo de seguridad (Riesgo Industrial Mayor)",IF(D5="150c-E","Riesgo de seguridad (Riesgo Industrial Mayor)",IF(D5="570","Riesgo de seguridad (Riesgo Locativo)",IF(D5="120-I","Riesgo Mecánico",IF(D5="330","Riesgo Físico",IF(D5="340","Riesgo Físico",IF(D5="360","Riesgo Físico",IF(D5="170","Riesgo Químico",IF(D5="130","Riesgo Ergonómico",IF(D5="380","Riesgo Físico",IF(D5="010-I","Riesgo de seguridad (Riesgo Mecánico)",IF(D5="020-I","Riesgo de seguridad (Riesgo Mecánico)",IF(D5="030-I","Riesgo de seguridad (Riesgo Mecánico)",IF(D5="040-I","Riesgo de seguridad (Riesgo Mecánico)",IF(D5="090-I","Riesgo de seguridad (Riesgo Mecánico)",IF(D5="110-I","Riesgo de seguridad (Riesgo Mecánico)",IF(D5="100-I","Riesgo de seguridad (Riesgo Mecánico)",IF(D5="230-I","Riesgo de seguridad (Riesgo Mecánico)",IF(D5="250a-I","Riesgo de seguridad (Riesgo Mecánico)",IF(D5="250b-I","Riesgo de seguridad (Riesgo Mecánico)",IF(D5="160-I","Riesgo de seguridad (Riesgo Eléctrico)",IF(D5="590","Riesgo de seguridad (Riesgo Mecánico)"))))))))))))))))))))))))))))))))))) -> Riesgo de seguridad (Riesgo Locativo) | G5: ='E-OP-RL-OI'!J14 -> 7.027027 | H5: =IF(G5="","",IF(AND(G5<=10,G5>6),"MD",IF(AND(G5<=6,G5>2),"D",IF(AND(G5<=2,G5>0),"M",IF(G5=0,"B"))))) -> MD | I5: 3 | J5: =IF(I5=4,"EC",IF(I5=3,"EF",IF(I5=2,"EO",IF(I5=1,"EE","")))) -> EF | K5: =IF(I5="","",G5*I5) -> 21.081081 | L5: =IF(K5="","",IF(K5>=24,"MA",IF(AND(K5<24,K5>8),"A",IF(AND(K5<=8,K5>4),"M",IF(AND(K5<=4,K5>=0),"B"))))) -> A | M5: 25 | N5: =IF(M5="","",IF(M5=100,"M",IF(M5=60,"MG",IF(M5=25,"G",IF(M5=10,"L",""))))) -> G | O5: =IF(M5="","",ROUND(M5*K5,0)) -> 527 | P5: =IF(O5="","",IF(O5="","",IF(AND(O5<=4000,O5>500),"I",IF(AND(O5<=500,O5>120),"II",IF(AND(O5<=120,O5>20),"III",IF(O5<=20,"IV")))))) -> I | Q5: =IF(P5="","",IF(P5="I","Situación Crítica. Corrección urgente.",IF(P5="II","Corregir y adoptar medidas de control.",IF(P5="III","Mejorar si es posible. Sería conveniente justificar la intervención y su rentabilidad.",IF(P5="IV","No intervenir, salvo que un análisis más preciso lo justifique."))))) -> Situación Crítica. Corrección urgente. | R5: =IF(M5=10,"Pequeñas lesiones que no requieren hospitalización.",IF(M5=25,"Lesiones con incapacidad laboral transitoria (I. L. T.).",IF(M5=60,"Lesiones graves que pueden ser irreparables.",IF(M5=100,"1 muerto o más.")))) -> Lesiones con incapacidad laboral transitoria (I. L. T.). | S5: Si
B6: Si | C6: =IF(D6="","",IF(D6="010-E","Trabajo en altura/ zonas con desnivel",IF(D6="020-E","Superficies irregulares u obstruidas",IF(D6="030-E","Estructuras inestables/ espacios confinados",IF(D6="040-E","Desprendimiento de objetos",IF(D6="090-E","Manipulación de máquinas/ herramientas",IF(D6="100-E","Operaciones de conformado",IF(D6="110-E","Objetos fijos o móviles",IF(D6="250a-E","Situaciones fortuitas",IF(D6="230-E","Colisión/ impacto vehicular",IF(D6="250b-E","Situaciones fortuitas",IF(D6="160-E","Energía eléctrica",IF(D6="150a-E","Fuentes de calor",IF(D6="150b-E","Fuentes de calor",IF(D6="150c-E","Fuentes de calor",IF(D6="570","Condiciones inadecuadas",IF(D6="120-I","Maquinaria pesada",IF(D6="330","Niveles sonoros",IF(D6="340","Movimientos oscilatorios",IF(D6="360","Fuentes emisoras de energía",IF(D6="170","Sustancias químicas",IF(D6="380","Niveles lumínicos",IF(D6="010-I","Trabajo en altura/ zonas con desnivel",IF(D6="020-I","Superficies irregulares u obstruidas",IF(D6="030-I","Estructuras inestables/ espacios confinados",IF(D6="040-I","Desprendimiento de objetos",IF(D6="090-I","Manipulación de máquinas/ herramientas",IF(D6="100-I","Operaciones de conformado",IF(D6="110-I","Objetos fijos o móviles",IF(D6="250a-I","Situaciones fortuitas",IF(D6="230-I","Colisión/ impacto vehicular",IF(D6="250b-I","Situaciones fortuitas",IF(D6="160-I","Energía eléctrica",IF(D6="390","Atmósferas contaminadas",IF(D6="130","Posturas forzadas/ manipulación manual de cargas"))))))))))))))))))))))))))))))))))) -> Superficies irregulares u obstruidas | D6: 020-E | E6: =IF(D6="","",IF(D6="010-E","Caída de personas a distinto nivel",IF(D6="020-E","Caída de personas al mismo nivel",IF(D6="030-E","Caída de objetos por desplome",IF(D6="040-E","Caída de objetos en manipulación",IF(D6="090-E","Golpes/cortes por objetos o herramientas",IF(D6="110-E","Atrapamiento por o entre objetos",IF(D6="100-E","Proyección de fragmentos o partículas",IF(D6="230-E","Atropellos o golpes con vehículos",IF(D6="250a-E","Otros riesgos de accidente a) inherentes a la manipulación de herramientas eléctricas",IF(D6="250b-E","Otros riesgos de accidente b) Inherentes a la manipulación de herramientas manuales",IF(D6="160-E","Contactos Eléctricos",IF(D6="150a-E","Contactos térmicos a) inherentes al trabajador",IF(D6="150b-E","Contactos térmicos b) inherentes a la manipulación de elementos estructurales",IF(D6="150c-E","Contactos térmicos c) inherentes al proceso de soldadura",IF(D6="570","Organización del trabajo incorrecta",IF(D6="120-I","Atrapamiento por vuelco de máquinas",IF(D6="","",IF(D6="010-I","Caída de personas a distinto nivel",IF(D6="020-I","Caída de personas al mismo nivel",IF(D6="030-I","Caída de objetos por desplome",IF(D6="040-I","Caída de objetos en manipulación",IF(D6="090-I","Golpes/cortes por objetos o herramientas",IF(D6="110-I","Atrapamiento por o entre objetos",IF(D6="100-I","Proyección de fragmentos o partículas",IF(D6="230-I","Atropellos o golpes con vehículos",IF(D6="250a-I","Otros riesgos de accidente a) inherentes a la manipulación de herramientas eléctricas",IF(D6="250b-I","Otros riesgos de accidente b) Inherentes a la manipulación de herramientas manuales",IF(D6="390","Otra exposición a) asfixia o intoxicación",IF(D6="160-I","Contactos Eléctricos",IF(D6="570","Organización del trabajo incorrecta",IF(D6="120-I","Atrapamiento por vuelco de máquinas",IF(D6="330","Ruido",IF(D6="340","Vibración",IF(D6="360","Radiaciones ionizantes",IF(D6="170","Exposición a sustancias nocivas",IF(D6="130","Sobreesfuerzos",IF(D6="380","Iluminación",IF(D6="330","Ruido",IF(D6="340","Vibración",IF(D6="360","Radiaciones ionizantes",IF(D6="170","Exposición a sustancias nocivas",IF(D6="130","Sobreesfuerzos",IF(D6="380","Iluminación")))))))))))))))))))))))))))))))))))))))))))) -> Caída de personas al mismo nivel | F6: =IF(D6="","",IF(D6="010-E","Riesgo de seguridad (Riesgo Mecánico)",IF(D6="020-E","Riesgo de seguridad (Riesgo Mecánico)",IF(D6="030-E","Riesgo de seguridad (Riesgo Mecánico)",IF(D6="040-E","Riesgo de seguridad (Riesgo Mecánico)",IF(D6="090-E","Riesgo de seguridad (Riesgo Mecánico)",IF(D6="110-E","Riesgo de seguridad (Riesgo Mecánico)",IF(D6="100-E","Riesgo de seguridad (Riesgo Mecánico)",IF(D6="230-E","Riesgo de seguridad (Riesgo Mecánico)",IF(D6="250a-E","Riesgo de seguridad (Riesgo Mecánico)",IF(D6="250b-E","Riesgo de seguridad (Riesgo Mecánico)",IF(D6="160-E","Riesgo de seguridad (Riesgo Eléctrico)",IF(D6="150a-E","Riesgo de seguridad (Riesgo Industrial Mayor)",IF(D6="150b-E","Riesgo de seguridad (Riesgo Industrial Mayor)",IF(D6="150c-E","Riesgo de seguridad (Riesgo Industrial Mayor)",IF(D6="570","Riesgo de seguridad (Riesgo Locativo)",IF(D6="120-I","Riesgo Mecánico",IF(D6="330","Riesgo Físico",IF(D6="340","Riesgo Físico",IF(D6="360","Riesgo Físico",IF(D6="170","Riesgo Químico",IF(D6="130","Riesgo Ergonómico",IF(D6="380","Riesgo Físico",IF(D6="010-I","Riesgo de seguridad (Riesgo Mecánico)",IF(D6="020-I","Riesgo de seguridad (Riesgo Mecánico)",IF(D6="030-I","Riesgo de seguridad (Riesgo Mecánico)",IF(D6="040-I","Riesgo de seguridad (Riesgo Mecánico)",IF(D6="090-I","Riesgo de seguridad (Riesgo Mecánico)",IF(D6="110-I","Riesgo de seguridad (Riesgo Mecánico)",IF(D6="100-I","Riesgo de seguridad (Riesgo Mecánico)",IF(D6="230-I","Riesgo de seguridad (Riesgo Mecánico)",IF(D6="250a-I","Riesgo de seguridad (Riesgo Mecánico)",IF(D6="250b-I","Riesgo de seguridad (Riesgo Mecánico)",IF(D6="160-I","Riesgo de seguridad (Riesgo Eléctrico)",IF(D6="590","Riesgo de seguridad (Riesgo Mecánico)"))))))))))))))))))))))))))))))))))) -> Riesgo de seguridad (Riesgo Mecánico) | G6: ='E-OP-RM-CMN'!J15 -> 5.7692308 | H6: =IF(G6="","",IF(AND(G6<=10,G6>6),"MD",IF(AND(G6<=6,G6>2),"D",IF(AND(G6<=2,G6>0),"M",IF(G6=0,"B"))))) -> D | I6: 3 | J6: =IF(I6=4,"EC",IF(I6=3,"EF",IF(I6=2,"EO",IF(I6=1,"EE","")))) -> EF | K6: =IF(I6="","",G6*I6) -> 17.307692 | L6: =IF(K6="","",IF(K6>=24,"MA",IF(AND(K6<24,K6>8),"A",IF(AND(K6<=8,K6>4),"M",IF(AND(K6<=4,K6>=0),"B"))))) -> A | M6: 25 | N6: =IF(M6="","",IF(M6=100,"M",IF(M6=60,"MG",IF(M6=25,"G",IF(M6=10,"L",""))))) -> G | O6: =IF(M6="","",ROUND(M6*K6,0)) -> 433 | P6: =IF(O6="","",IF(O6="","",IF(AND(O6<=4000,O6>500),"I",IF(AND(O6<=500,O6>120),"II",IF(AND(O6<=120,O6>20),"III",IF(O6<=20,"IV")))))) -> II | Q6: =IF(P6="","",IF(P6="I","Situación Crítica. Corrección urgente.",IF(P6="II","Corregir y adoptar medidas de control.",IF(P6="III","Mejorar si es posible. Sería conveniente justificar la intervención y su rentabilidad.",IF(P6="IV","No intervenir, salvo que un análisis más preciso lo justifique."))))) -> Corregir y adoptar medidas de control. | R6: =IF(M6=10,"Pequeñas lesiones que no requieren hospitalización.",IF(M6=25,"Lesiones con incapacidad laboral transitoria (I. L. T.).",IF(M6=60,"Lesiones graves que pueden ser irreparables.",IF(M6=100,"1 muerto o más.")))) -> Lesiones con incapacidad laboral transitoria (I. L. T.). | S6: Si
B7: Si | C7: =IF(D7="","",IF(D7="010-E","Trabajo en altura/ zonas con desnivel",IF(D7="020-E","Superficies irregulares u obstruidas",IF(D7="030-E","Estructuras inestables/ espacios confinados",IF(D7="040-E","Desprendimiento de objetos",IF(D7="090-E","Manipulación de máquinas/ herramientas",IF(D7="100-E","Operaciones de conformado",IF(D7="110-E","Objetos fijos o móviles",IF(D7="250a-E","Situaciones fortuitas",IF(D7="230-E","Colisión/ impacto vehicular",IF(D7="250b-E","Situaciones fortuitas",IF(D7="160-E","Energía eléctrica",IF(D7="150a-E","Fuentes de calor",IF(D7="150b-E","Fuentes de calor",IF(D7="150c-E","Fuentes de calor",IF(D7="570","Condiciones inadecuadas",IF(D7="120-I","Maquinaria pesada",IF(D7="330","Niveles sonoros",IF(D7="340","Movimientos oscilatorios",IF(D7="360","Fuentes emisoras de energía",IF(D7="170","Sustancias químicas",IF(D7="380","Niveles lumínicos",IF(D7="010-I","Trabajo en altura/ zonas con desnivel",IF(D7="020-I","Superficies irregulares u obstruidas",IF(D7="030-I","Estructuras inestables/ espacios confinados",IF(D7="040-I","Desprendimiento de objetos",IF(D7="090-I","Manipulación de máquinas/ herramientas",IF(D7="100-I","Operaciones de conformado",IF(D7="110-I","Objetos fijos o móviles",IF(D7="250a-I","Situaciones fortuitas",IF(D7="230-I","Colisión/ impacto vehicular",IF(D7="250b-I","Situaciones fortuitas",IF(D7="160-I","Energía eléctrica",IF(D7="390","Atmósferas contaminadas",IF(D7="130","Posturas forzadas/ manipulación manual de cargas"))))))))))))))))))))))))))))))))))) -> Desprendimiento de objetos | D7: 040-E | E7: =IF(D7="","",IF(D7="010-E","Caída de personas a distinto nivel",IF(D7="020-E","Caída de personas al mismo nivel",IF(D7="030-E","Caída de objetos por desplome",IF(D7="040-E","Caída de objetos en manipulación",IF(D7="090-E","Golpes/cortes por objetos o herramientas",IF(D7="110-E","Atrapamiento por o entre objetos",IF(D7="100-E","Proyección de fragmentos o partículas",IF(D7="230-E","Atropellos o golpes con vehículos",IF(D7="250a-E","Otros riesgos de accidente a) inherentes a la manipulación de herramientas eléctricas",IF(D7="250b-E","Otros riesgos de accidente b) Inherentes a la manipulación de herramientas manuales",IF(D7="160-E","Contactos Eléctricos",IF(D7="150a-E","Contactos térmicos a) inherentes al trabajador",IF(D7="150b-E","Contactos térmicos b) inherentes a la manipulación de elementos estructurales",IF(D7="150c-E","Contactos térmicos c) inherentes al proceso de soldadura",IF(D7="570","Organización del trabajo incorrecta",IF(D7="120-I","Atrapamiento por vuelco de máquinas",IF(D7="","",IF(D7="010-I","Caída de personas a distinto nivel",IF(D7="020-I","Caída de personas al mismo nivel",IF(D7="030-I","Caída de objetos por desplome",IF(D7="040-I","Caída de objetos en manipulación",IF(D7="090-I","Golpes/cortes por objetos o herramientas",IF(D7="110-I","Atrapamiento por o entre objetos",IF(D7="100-I","Proyección de fragmentos o partículas",IF(D7="230-I","Atropellos o golpes con vehículos",IF(D7="250a-I","Otros riesgos de accidente a) inherentes a la manipulación de herramientas eléctricas",IF(D7="250b-I","Otros riesgos de accidente b) Inherentes a la manipulación de herramientas manuales",IF(D7="390","Otra exposición a) asfixia o intoxicación",IF(D7="160-I","Contactos Eléctricos",IF(D7="570","Organización del trabajo incorrecta",IF(D7="120-I","Atrapamiento por vuelco de máquinas",IF(D7="330","Ruido",IF(D7="340","Vibración",IF(D7="360","Radiaciones ionizantes",IF(D7="170","Exposición a sustancias nocivas",IF(D7="130","Sobreesfuerzos",IF(D7="380","Iluminación",IF(D7="330","Ruido",IF(D7="340","Vibración",IF(D7="360","Radiaciones ionizantes",IF(D7="170","Exposición a sustancias nocivas",IF(D7="130","Sobreesfuerzos",IF(D7="380","Iluminación")))))))))))))))))))))))))))))))))))))))))))) -> Caída de objetos en manipulación | F7: =IF(D7="","",IF(D7="010-E","Riesgo de seguridad (Riesgo Mecánico)",IF(D7="020-E","Riesgo de seguridad (Riesgo Mecánico)",IF(D7="030-E","Riesgo de seguridad (Riesgo Mecánico)",IF(D7="040-E","Riesgo de seguridad (Riesgo Mecánico)",IF(D7="090-E","Riesgo de seguridad (Riesgo Mecánico)",IF(D7="110-E","Riesgo de seguridad (Riesgo Mecánico)",IF(D7="100-E","Riesgo de seguridad (Riesgo Mecánico)",IF(D7="230-E","Riesgo de seguridad (Riesgo Mecánico)",IF(D7="250a-E","Riesgo de seguridad (Riesgo Mecánico)",IF(D7="250b-E","Riesgo de seguridad (Riesgo Mecánico)",IF(D7="160-E","Riesgo de seguridad (Riesgo Eléctrico)",IF(D7="150a-E","Riesgo de seguridad (Riesgo Industrial Mayor)",IF(D7="150b-E","Riesgo de seguridad (Riesgo Industrial Mayor)",IF(D7="150c-E","Riesgo de seguridad (Riesgo Industrial Mayor)",IF(D7="570","Riesgo de seguridad (Riesgo Locativo)",IF(D7="120-I","Riesgo Mecánico",IF(D7="330","Riesgo Físico",IF(D7="340","Riesgo Físico",IF(D7="360","Riesgo Físico",IF(D7="170","Riesgo Químico",IF(D7="130","Riesgo Ergonómico",IF(D7="380","Riesgo Físico",IF(D7="010-I","Riesgo de seguridad (Riesgo Mecánico)",IF(D7="020-I","Riesgo de seguridad (Riesgo Mecánico)",IF(D7="030-I","Riesgo de seguridad (Riesgo Mecánico)",IF(D7="040-I","Riesgo de seguridad (Riesgo Mecánico)",IF(D7="090-I","Riesgo de seguridad (Riesgo Mecánico)",IF(D7="110-I","Riesgo de seguridad (Riesgo Mecánico)",IF(D7="100-I","Riesgo de seguridad (Riesgo Mecánico)",IF(D7="230-I","Riesgo de seguridad (Riesgo Mecánico)",IF(D7="250a-I","Riesgo de seguridad (Riesgo Mecánico)",IF(D7="250b-I","Riesgo de seguridad (Riesgo Mecánico)",IF(D7="160-I","Riesgo de seguridad (Riesgo Eléctrico)",IF(D7="590","Riesgo de seguridad (Riesgo Mecánico)"))))))))))))))))))))))))))))))))))) -> Riesgo de seguridad (Riesgo Mecánico) | G7: ='E-OP-RM-COM'!J17 -> 2.3333333 | H7: =IF(G7="","",IF(AND(G7<=10,G7>6),"MD",IF(AND(G7<=6,G7>2),"D",IF(AND(G7<=2,G7>0),"M",IF(G7=0,"B"))))) -> D | I7: 3 | J7: =IF(I7=4,"EC",IF(I7=3,"EF",IF(I7=2,"EO",IF(I7=1,"EE","")))) -> EF | K7: =IF(I7="","",G7*I7) -> 7 | L7: =IF(K7="","",IF(K7>=24,"MA",IF(AND(K7<24,K7>8),"A",IF(AND(K7<=8,K7>4),"M",IF(AND(K7<=4,K7>=0),"B"))))) -> M | M7: 25 | N7: =IF(M7="","",IF(M7=100,"M",IF(M7=60,"MG",IF(M7=25,"G",IF(M7=10,"L",""))))) -> G | O7: =IF(M7="","",ROUND(M7*K7,0)) -> 175 | P7: =IF(O7="","",IF(O7="","",IF(AND(O7<=4000,O7>500),"I",IF(AND(O7<=500,O7>120),"II",IF(AND(O7<=120,O7>20),"III",IF(O7<=20,"IV")))))) -> II | Q7: =IF(P7="","",IF(P7="I","Situación Crítica. Corrección urgente.",IF(P7="II","Corregir y adoptar medidas de control.",IF(P7="III","Mejorar si es posible. Sería conveniente justificar la intervención y su rentabilidad.",IF(P7="IV","No intervenir, salvo que un análisis más preciso lo justifique."))))) -> Corregir y adoptar medidas de control. | R7: =IF(M7=10,"Pequeñas lesiones que no requieren hospitalización.",IF(M7=25,"Lesiones con incapacidad laboral transitoria (I. L. T.).",IF(M7=60,"Lesiones graves que pueden ser irreparables.",IF(M7=100,"1 muerto o más.")))) -> Lesiones con incapacidad laboral transitoria (I. L. T.). | S7: Si
B8: Si | C8: =IF(D8="","",IF(D8="010-E","Trabajo en altura/ zonas con desnivel",IF(D8="020-E","Superficies irregulares u obstruidas",IF(D8="030-E","Estructuras inestables/ espacios confinados",IF(D8="040-E","Desprendimiento de objetos",IF(D8="090-E","Manipulación de máquinas/ herramientas",IF(D8="100-E","Operaciones de conformado",IF(D8="110-E","Objetos fijos o móviles",IF(D8="250a-E","Situaciones fortuitas",IF(D8="230-E","Colisión/ impacto vehicular",IF(D8="250b-E","Situaciones fortuitas",IF(D8="160-E","Energía eléctrica",IF(D8="150a-E","Fuentes de calor",IF(D8="150b-E","Fuentes de calor",IF(D8="150c-E","Fuentes de calor",IF(D8="570","Condiciones inadecuadas",IF(D8="120-I","Maquinaria pesada",IF(D8="330","Niveles sonoros",IF(D8="340","Movimientos oscilatorios",IF(D8="360","Fuentes emisoras de energía",IF(D8="170","Sustancias químicas",IF(D8="380","Niveles lumínicos",IF(D8="010-I","Trabajo en altura/ zonas con desnivel",IF(D8="020-I","Superficies irregulares u obstruidas",IF(D8="030-I","Estructuras inestables/ espacios confinados",IF(D8="040-I","Desprendimiento de objetos",IF(D8="090-I","Manipulación de máquinas/ herramientas",IF(D8="100-I","Operaciones de conformado",IF(D8="110-I","Objetos fijos o móviles",IF(D8="250a-I","Situaciones fortuitas",IF(D8="230-I","Colisión/ impacto vehicular",IF(D8="250b-I","Situaciones fortuitas",IF(D8="160-I","Energía eléctrica",IF(D8="390","Atmósferas contaminadas",IF(D8="130","Posturas forzadas/ manipulación manual de cargas"))))))))))))))))))))))))))))))))))) -> Manipulación de máquinas/ herramientas | D8: 090-E | E8: =IF(D8="","",IF(D8="010-E","Caída de personas a distinto nivel",IF(D8="020-E","Caída de personas al mismo nivel",IF(D8="030-E","Caída de objetos por desplome",IF(D8="040-E","Caída de objetos en manipulación",IF(D8="090-E","Golpes/cortes por objetos o herramientas",IF(D8="110-E","Atrapamiento por o entre objetos",IF(D8="100-E","Proyección de fragmentos o partículas",IF(D8="230-E","Atropellos o golpes con vehículos",IF(D8="250a-E","Otros riesgos de accidente a) inherentes a la manipulación de herramientas eléctricas",IF(D8="250b-E","Otros riesgos de accidente b) Inherentes a la manipulación de herramientas manuales",IF(D8="160-E","Contactos Eléctricos",IF(D8="150a-E","Contactos térmicos a) inherentes al trabajador",IF(D8="150b-E","Contactos térmicos b) inherentes a la manipulación de elementos estructurales",IF(D8="150c-E","Contactos térmicos c) inherentes al proceso de soldadura",IF(D8="570","Organización del trabajo incorrecta",IF(D8="120-I","Atrapamiento por vuelco de máquinas",IF(D8="","",IF(D8="010-I","Caída de personas a distinto nivel",IF(D8="020-I","Caída de personas al mismo nivel",IF(D8="030-I","Caída de objetos por desplome",IF(D8="040-I","Caída de objetos en manipulación",IF(D8="090-I","Golpes/cortes por objetos o herramientas",IF(D8="110-I","Atrapamiento por o entre objetos",IF(D8="100-I","Proyección de fragmentos o partículas",IF(D8="230-I","Atropellos o golpes con vehículos",IF(D8="250a-I","Otros riesgos de accidente a) inherentes a la manipulación de herramientas eléctricas",IF(D8="250b-I","Otros riesgos de accidente b) Inherentes a la manipulación de herramientas manuales",IF(D8="390","Otra exposición a) asfixia o intoxicación",IF(D8="160-I","Contactos Eléctricos",IF(D8="570","Organización del trabajo incorrecta",IF(D8="120-I","Atrapamiento por vuelco de máquinas",IF(D8="330","Ruido",IF(D8="340","Vibración",IF(D8="360","Radiaciones ionizantes",IF(D8="170","Exposición a sustancias nocivas",IF(D8="130","Sobreesfuerzos",IF(D8="380","Iluminación",IF(D8="330","Ruido",IF(D8="340","Vibración",IF(D8="360","Radiaciones ionizantes",IF(D8="170","Exposición a sustancias nocivas",IF(D8="130","Sobreesfuerzos",IF(D8="380","Iluminación")))))))))))))))))))))))))))))))))))))))))))) -> Golpes/cortes por objetos o herramientas | F8: =IF(D8="","",IF(D8="010-E","Riesgo de seguridad (Riesgo Mecánico)",IF(D8="020-E","Riesgo de seguridad (Riesgo Mecánico)",IF(D8="030-E","Riesgo de seguridad (Riesgo Mecánico)",IF(D8="040-E","Riesgo de seguridad (Riesgo Mecánico)",IF(D8="090-E","Riesgo de seguridad (Riesgo Mecánico)",IF(D8="110-E","Riesgo de seguridad (Riesgo Mecánico)",IF(D8="100-E","Riesgo de seguridad (Riesgo Mecánico)",IF(D8="230-E","Riesgo de seguridad (Riesgo Mecánico)",IF(D8="250a-E","Riesgo de seguridad (Riesgo Mecánico)",IF(D8="250b-E","Riesgo de seguridad (Riesgo Mecánico)",IF(D8="160-E","Riesgo de seguridad (Riesgo Eléctrico)",IF(D8="150a-E","Riesgo de seguridad (Riesgo Industrial Mayor)",IF(D8="150b-E","Riesgo de seguridad (Riesgo Industrial Mayor)",IF(D8="150c-E","Riesgo de seguridad (Riesgo Industrial Mayor)",IF(D8="570","Riesgo de seguridad (Riesgo Locativo)",IF(D8="120-I","Riesgo Mecánico",IF(D8="330","Riesgo Físico",IF(D8="340","Riesgo Físico",IF(D8="360","Riesgo Físico",IF(D8="170","Riesgo Químico",IF(D8="130","Riesgo Ergonómico",IF(D8="380","Riesgo Físico",IF(D8="010-I","Riesgo de seguridad (Riesgo Mecánico)",IF(D8="020-I","Riesgo de seguridad (Riesgo Mecánico)",IF(D8="030-I","Riesgo de seguridad (Riesgo Mecánico)",IF(D8="040-I","Riesgo de seguridad (Riesgo Mecánico)",IF(D8="090-I","Riesgo de seguridad (Riesgo Mecánico)",IF(D8="110-I","Riesgo de seguridad (Riesgo Mecánico)",IF(D8="100-I","Riesgo de seguridad (Riesgo Mecánico)",IF(D8="230-I","Riesgo de seguridad (Riesgo Mecánico)",IF(D8="250a-I","Riesgo de seguridad (Riesgo Mecánico)",IF(D8="250b-I","Riesgo de seguridad (Riesgo Mecánico)",IF(D8="160-I","Riesgo de seguridad (Riesgo Eléctrico)",IF(D8="590","Riesgo de seguridad (Riesgo Mecánico)"))))))))))))))))))))))))))))))))))) -> Riesgo de seguridad (Riesgo Mecánico) | G8: ='E-OP-RM-CGOH'!J17 -> 5.3571429 | H8: =IF(G8="","",IF(AND(G8<=10,G8>6),"MD",IF(AND(G8<=6,G8>2),"D",IF(AND(G8<=2,G8>0),"M",IF(G8=0,"B"))))) -> D | I8: 4 | J8: =IF(I8=4,"EC",IF(I8=3,"EF",IF(I8=2,"EO",IF(I8=1,"EE","")))) -> EC | K8: =IF(I8="","",G8*I8) -> 21.428571 | L8: =IF(K8="","",IF(K8>=24,"MA",IF(AND(K8<24,K8>8),"A",IF(AND(K8<=8,K8>4),"M",IF(AND(K8<=4,K8>=0),"B"))))) -> A | M8: 60 | N8: =IF(M8="","",IF(M8=100,"M",IF(M8=60,"MG",IF(M8=25,"G",IF(M8=10,"L",""))))) -> MG | O8: =IF(M8="","",ROUND(M8*K8,0)) -> 1286 | P8: =IF(O8="","",IF(O8="","",IF(AND(O8<=4000,O8>500),"I",IF(AND(O8<=500,O8>120),"II",IF(AND(O8<=120,O8>20),"III",IF(O8<=20,"IV")))))) -> I | Q8: =IF(P8="","",IF(P8="I","Situación Crítica. Corrección urgente.",IF(P8="II","Corregir y adoptar medidas de control.",IF(P8="III","Mejorar si es posible. Sería conveniente justificar la intervención y su rentabilidad.",IF(P8="IV","No intervenir, salvo que un análisis más preciso lo justifique."))))) -> Situación Crítica. Corrección urgente. | R8: =IF(M8=10,"Pequeñas lesiones que no requieren hospitalización.",IF(M8=25,"Lesiones con incapacidad laboral transitoria (I. L. T.).",IF(M8=60,"Lesiones graves que pueden ser irreparables.",IF(M8=100,"1 muerto o más.")))) -> Lesiones graves que pueden ser irreparables. | S8: Si
B9: Si | C9: =IF(D9="","",IF(D9="010-E","Trabajo en altura/ zonas con desnivel",IF(D9="020-E","Superficies irregulares u obstruidas",IF(D9="030-E","Estructuras inestables/ espacios confinados",IF(D9="040-E","Desprendimiento de objetos",IF(D9="090-E","Manipulación de máquinas/ herramientas",IF(D9="100-E","Operaciones de conformado",IF(D9="110-E","Objetos fijos o móviles",IF(D9="250a-E","Situaciones fortuitas",IF(D9="230-E","Colisión/ impacto vehicular",IF(D9="250b-E","Situaciones fortuitas",IF(D9="160-E","Energía eléctrica",IF(D9="150a-E","Fuentes de calor",IF(D9="150b-E","Fuentes de calor",IF(D9="150c-E","Fuentes de calor",IF(D9="570","Condiciones inadecuadas",IF(D9="120-I","Maquinaria pesada",IF(D9="330","Niveles sonoros",IF(D9="340","Movimientos oscilatorios",IF(D9="360","Fuentes emisoras de energía",IF(D9="170","Sustancias químicas",IF(D9="380","Niveles lumínicos",IF(D9="010-I","Trabajo en altura/ zonas con desnivel",IF(D9="020-I","Superficies irregulares u obstruidas",IF(D9="030-I","Estructuras inestables/ espacios confinados",IF(D9="040-I","Desprendimiento de objetos",IF(D9="090-I","Manipulación de máquinas/ herramientas",IF(D9="100-I","Operaciones de conformado",IF(D9="110-I","Objetos fijos o móviles",IF(D9="250a-I","Situaciones fortuitas",IF(D9="230-I","Colisión/ impacto vehicular",IF(D9="250b-I","Situaciones fortuitas",IF(D9="160-I","Energía eléctrica",IF(D9="390","Atmósferas contaminadas",IF(D9="130","Posturas forzadas/ manipulación manual de cargas"))))))))))))))))))))))))))))))))))) -> Operaciones de conformado | D9: 100-E | E9: =IF(D9="","",IF(D9="010-E","Caída de personas a distinto nivel",IF(D9="020-E","Caída de personas al mismo nivel",IF(D9="030-E","Caída de objetos por desplome",IF(D9="040-E","Caída de objetos en manipulación",IF(D9="090-E","Golpes/cortes por objetos o herramientas",IF(D9="110-E","Atrapamiento por o entre objetos",IF(D9="100-E","Proyección de fragmentos o partículas",IF(D9="230-E","Atropellos o golpes con vehículos",IF(D9="250a-E","Otros riesgos de accidente a) inherentes a la manipulación de herramientas eléctricas",IF(D9="250b-E","Otros riesgos de accidente b) Inherentes a la manipulación de herramientas manuales",IF(D9="160-E","Contactos Eléctricos",IF(D9="150a-E","Contactos térmicos a) inherentes al trabajador",IF(D9="150b-E","Contactos térmicos b) inherentes a la manipulación de elementos estructurales",IF(D9="150c-E","Contactos térmicos c) inherentes al proceso de soldadura",IF(D9="570","Organización del trabajo incorrecta",IF(D9="120-I","Atrapamiento por vuelco de máquinas",IF(D9="","",IF(D9="010-I","Caída de personas a distinto nivel",IF(D9="020-I","Caída de personas al mismo nivel",IF(D9="030-I","Caída de objetos por desplome",IF(D9="040-I","Caída de objetos en manipulación",IF(D9="090-I","Golpes/cortes por objetos o herramientas",IF(D9="110-I","Atrapamiento por o entre objetos",IF(D9="100-I","Proyección de fragmentos o partículas",IF(D9="230-I","Atropellos o golpes con vehículos",IF(D9="250a-I","Otros riesgos de accidente a) inherentes a la manipulación de herramientas eléctricas",IF(D9="250b-I","Otros riesgos de accidente b) Inherentes a la manipulación de herramientas manuales",IF(D9="390","Otra exposición a) asfixia o intoxicación",IF(D9="160-I","Contactos Eléctricos",IF(D9="570","Organización del trabajo incorrecta",IF(D9="120-I","Atrapamiento por vuelco de máquinas",IF(D9="330","Ruido",IF(D9="340","Vibración",IF(D9="360","Radiaciones ionizantes",IF(D9="170","Exposición a sustancias nocivas",IF(D9="130","Sobreesfuerzos",IF(D9="380","Iluminación",IF(D9="330","Ruido",IF(D9="340","Vibración",IF(D9="360","Radiaciones ionizantes",IF(D9="170","Exposición a sustancias nocivas",IF(D9="130","Sobreesfuerzos",IF(D9="380","Iluminación")))))))))))))))))))))))))))))))))))))))))))) -> Proyección de fragmentos o partículas | F9: =IF(D9="","",IF(D9="010-E","Riesgo de seguridad (Riesgo Mecánico)",IF(D9="020-E","Riesgo de seguridad (Riesgo Mecánico)",IF(D9="030-E","Riesgo de seguridad (Riesgo Mecánico)",IF(D9="040-E","Riesgo de seguridad (Riesgo Mecánico)",IF(D9="090-E","Riesgo de seguridad (Riesgo Mecánico)",IF(D9="110-E","Riesgo de seguridad (Riesgo Mecánico)",IF(D9="100-E","Riesgo de seguridad (Riesgo Mecánico)",IF(D9="230-E","Riesgo de seguridad (Riesgo Mecánico)",IF(D9="250a-E","Riesgo de seguridad (Riesgo Mecánico)",IF(D9="250b-E","Riesgo de seguridad (Riesgo Mecánico)",IF(D9="160-E","Riesgo de seguridad (Riesgo Eléctrico)",IF(D9="150a-E","Riesgo de seguridad (Riesgo Industrial Mayor)",IF(D9="150b-E","Riesgo de seguridad (Riesgo Industrial Mayor)",IF(D9="150c-E","Riesgo de seguridad (Riesgo Industrial Mayor)",IF(D9="570","Riesgo de seguridad (Riesgo Locativo)",IF(D9="120-I","Riesgo Mecánico",IF(D9="330","Riesgo Físico",IF(D9="340","Riesgo Físico",IF(D9="360","Riesgo Físico",IF(D9="170","Riesgo Químico",IF(D9="130","Riesgo Ergonómico",IF(D9="380","Riesgo Físico",IF(D9="010-I","Riesgo de seguridad (Riesgo Mecánico)",IF(D9="020-I","Riesgo de seguridad (Riesgo Mecánico)",IF(D9="030-I","Riesgo de seguridad (Riesgo Mecánico)",IF(D9="040-I","Riesgo de seguridad (Riesgo Mecánico)",IF(D9="090-I","Riesgo de seguridad (Riesgo Mecánico)",IF(D9="110-I","Riesgo de seguridad (Riesgo Mecánico)",IF(D9="100-I","Riesgo de seguridad (Riesgo Mecánico)",IF(D9="230-I","Riesgo de seguridad (Riesgo Mecánico)",IF(D9="250a-I","Riesgo de seguridad (Riesgo Mecánico)",IF(D9="250b-I","Riesgo de seguridad (Riesgo Mecánico)",IF(D9="160-I","Riesgo de seguridad (Riesgo Eléctrico)",IF(D9="590","Riesgo de seguridad (Riesgo Mecánico)"))))))))))))))))))))))))))))))))))) -> Riesgo de seguridad (Riesgo Mecánico) | G9: ='E-OP-RM-PFP'!J13 -> 8.75 | H9: =IF(G9="","",IF(AND(G9<=10,G9>6),"MD",IF(AND(G9<=6,G9>2),"D",IF(AND(G9<=2,G9>0),"M",IF(G9=0,"B"))))) -> MD | I9: 3 | J9: =IF(I9=4,"EC",IF(I9=3,"EF",IF(I9=2,"EO",IF(I9=1,"EE","")))) -> EF | K9: =IF(I9="","",G9*I9) -> 26.25 | L9: =IF(K9="","",IF(K9>=24,"MA",IF(AND(K9<24,K9>8),"A",IF(AND(K9<=8,K9>4),"M",IF(AND(K9<=4,K9>=0),"B"))))) -> MA | M9: 60 | N9: =IF(M9="","",IF(M9=100,"M",IF(M9=60,"MG",IF(M9=25,"G",IF(M9=10,"L",""))))) -> MG | O9: =IF(M9="","",ROUND(M9*K9,0)) -> 1575 | P9: =IF(O9="","",IF(O9="","",IF(AND(O9<=4000,O9>500),"I",IF(AND(O9<=500,O9>120),"II",IF(AND(O9<=120,O9>20),"III",IF(O9<=20,"IV")))))) -> I | Q9: =IF(P9="","",IF(P9="I","Situación Crítica. Corrección urgente.",IF(P9="II","Corregir y adoptar medidas de control.",IF(P9="III","Mejorar si es posible. Sería conveniente justificar la intervención y su rentabilidad.",IF(P9="IV","No intervenir, salvo que un análisis más preciso lo justifique."))))) -> Situación Crítica. Corrección urgente. | R9: =IF(M9=10,"Pequeñas lesiones que no requieren hospitalización.",IF(M9=25,"Lesiones con incapacidad laboral transitoria (I. L. T.).",IF(M9=60,"Lesiones graves que pueden ser irreparables.",IF(M9=100,"1 muerto o más.")))) -> Lesiones graves que pueden ser irreparables. | S9: Si
B10: Si | C10: =IF(D10="","",IF(D10="010-E","Trabajo en altura/ zonas con desnivel",IF(D10="020-E","Superficies irregulares u obstruidas",IF(D10="030-E","Estructuras inestables/ espacios confinados",IF(D10="040-E","Desprendimiento de objetos",IF(D10="090-E","Manipulación de máquinas/ herramientas",IF(D10="100-E","Operaciones de conformado",IF(D10="110-E","Objetos fijos o móviles",IF(D10="250a-E","Situaciones fortuitas",IF(D10="230-E","Colisión/ impacto vehicular",IF(D10="250b-E","Situaciones fortuitas",IF(D10="160-E","Energía eléctrica",IF(D10="150a-E","Fuentes de calor",IF(D10="150b-E","Fuentes de calor",IF(D10="150c-E","Fuentes de calor",IF(D10="570","Condiciones inadecuadas",IF(D10="120-I","Maquinaria pesada",IF(D10="330","Niveles sonoros",IF(D10="340","Movimientos oscilatorios",IF(D10="360","Fuentes emisoras de energía",IF(D10="170","Sustancias químicas",IF(D10="380","Niveles lumínicos",IF(D10="010-I","Trabajo en altura/ zonas con desnivel",IF(D10="020-I","Superficies irregulares u obstruidas",IF(D10="030-I","Estructuras inestables/ espacios confinados",IF(D10="040-I","Desprendimiento de objetos",IF(D10="090-I","Manipulación de máquinas/ herramientas",IF(D10="100-I","Operaciones de conformado",IF(D10="110-I","Objetos fijos o móviles",IF(D10="250a-I","Situaciones fortuitas",IF(D10="230-I","Colisión/ impacto vehicular",IF(D10="250b-I","Situaciones fortuitas",IF(D10="160-I","Energía eléctrica",IF(D10="390","Atmósferas contaminadas",IF(D10="130","Posturas forzadas/ manipulación manual de cargas"))))))))))))))))))))))))))))))))))) -> Objetos fijos o móviles | D10: 110-E | E10: =IF(D10="","",IF(D10="010-E","Caída de personas a distinto nivel",IF(D10="020-E","Caída de personas al mismo nivel",IF(D10="030-E","Caída de objetos por desplome",IF(D10="040-E","Caída de objetos en manipulación",IF(D10="090-E","Golpes/cortes por objetos o herramientas",IF(D10="110-E","Atrapamiento por o entre objetos",IF(D10="100-E","Proyección de fragmentos o partículas",IF(D10="230-E","Atropellos o golpes con vehículos",IF(D10="250a-E","Otros riesgos de accidente a) inherentes a la manipulación de herramientas eléctricas",IF(D10="250b-E","Otros riesgos de accidente b) Inherentes a la manipulación de herramientas manuales",IF(D10="160-E","Contactos Eléctricos",IF(D10="150a-E","Contactos térmicos a) inherentes al trabajador",IF(D10="150b-E","Contactos térmicos b) inherentes a la manipulación de elementos estructurales",IF(D10="150c-E","Contactos térmicos c) inherentes al proceso de soldadura",IF(D10="570","Organización del trabajo incorrecta",IF(D10="120-I","Atrapamiento por vuelco de máquinas",IF(D10="","",IF(D10="010-I","Caída de personas a distinto nivel",IF(D10="020-I","Caída de personas al mismo nivel",IF(D10="030-I","Caída de objetos por desplome",IF(D10="040-I","Caída de objetos en manipulación",IF(D10="090-I","Golpes/cortes por objetos o herramientas",IF(D10="110-I","Atrapamiento por o entre objetos",IF(D10="100-I","Proyección de fragmentos o partículas",IF(D10="230-I","Atropellos o golpes con vehículos",IF(D10="250a-I","Otros riesgos de accidente a) inherentes a la manipulación de herramientas eléctricas",IF(D10="250b-I","Otros riesgos de accidente b) Inherentes a la manipulación de herramientas manuales",IF(D10="390","Otra exposición a) asfixia o intoxicación",IF(D10="160-I","Contactos Eléctricos",IF(D10="570","Organización del trabajo incorrecta",IF(D10="120-I","Atrapamiento por vuelco de máquinas",IF(D10="330","Ruido",IF(D10="340","Vibración",IF(D10="360","Radiaciones ionizantes",IF(D10="170","Exposición a sustancias nocivas",IF(D10="130","Sobreesfuerzos",IF(D10="380","Iluminación",IF(D10="330","Ruido",IF(D10="340","Vibración",IF(D10="360","Radiaciones ionizantes",IF(D10="170","Exposición a sustancias nocivas",IF(D10="130","Sobreesfuerzos",IF(D10="380","Iluminación")))))))))))))))))))))))))))))))))))))))))))) -> Atrapamiento por o entre objetos | F10: =IF(D10="","",IF(D10="010-E","Riesgo de seguridad (Riesgo Mecánico)",IF(D10="020-E","Riesgo de seguridad (Riesgo Mecánico)",IF(D10="030-E","Riesgo de seguridad (Riesgo Mecánico)",IF(D10="040-E","Riesgo de seguridad (Riesgo Mecánico)",IF(D10="090-E","Riesgo de seguridad (Riesgo Mecánico)",IF(D10="110-E","Riesgo de seguridad (Riesgo Mecánico)",IF(D10="100-E","Riesgo de seguridad (Riesgo Mecánico)",IF(D10="230-E","Riesgo de seguridad (Riesgo Mecánico)",IF(D10="250a-E","Riesgo de seguridad (Riesgo Mecánico)",IF(D10="250b-E","Riesgo de seguridad (Riesgo Mecánico)",IF(D10="160-E","Riesgo de seguridad (Riesgo Eléctrico)",IF(D10="150a-E","Riesgo de seguridad (Riesgo Industrial Mayor)",IF(D10="150b-E","Riesgo de seguridad (Riesgo Industrial Mayor)",IF(D10="150c-E","Riesgo de seguridad (Riesgo Industrial Mayor)",IF(D10="570","Riesgo de seguridad (Riesgo Locativo)",IF(D10="120-I","Riesgo Mecánico",IF(D10="330","Riesgo Físico",IF(D10="340","Riesgo Físico",IF(D10="360","Riesgo Físico",IF(D10="170","Riesgo Químico",IF(D10="130","Riesgo Ergonómico",IF(D10="380","Riesgo Físico",IF(D10="010-I","Riesgo de seguridad (Riesgo Mecánico)",IF(D10="020-I","Riesgo de seguridad (Riesgo Mecánico)",IF(D10="030-I","Riesgo de seguridad (Riesgo Mecánico)",IF(D10="040-I","Riesgo de seguridad (Riesgo Mecánico)",IF(D10="090-I","Riesgo de seguridad (Riesgo Mecánico)",IF(D10="110-I","Riesgo de seguridad (Riesgo Mecánico)",IF(D10="100-I","Riesgo de seguridad (Riesgo Mecánico)",IF(D10="230-I","Riesgo de seguridad (Riesgo Mecánico)",IF(D10="250a-I","Riesgo de seguridad (Riesgo Mecánico)",IF(D10="250b-I","Riesgo de seguridad (Riesgo Mecánico)",IF(D10="160-I","Riesgo de seguridad (Riesgo Eléctrico)",IF(D10="590","Riesgo de seguridad (Riesgo Mecánico)"))))))))))))))))))))))))))))))))))) -> Riesgo de seguridad (Riesgo Mecánico) | G10: ='E-OP-RM-APEO'!J17 -> 6.6666667 | H10: =IF(G10="","",IF(AND(G10<=10,G10>6),"MD",IF(AND(G10<=6,G10>2),"D",IF(AND(G10<=2,G10>0),"M",IF(G10=0,"B"))))) -> MD | I10: 3 | J10: =IF(I10=4,"EC",IF(I10=3,"EF",IF(I10=2,"EO",IF(I10=1,"EE","")))) -> EF | K10: =IF(I10="","",G10*I10) -> 20 | L10: =IF(K10="","",IF(K10>=24,"MA",IF(AND(K10<24,K10>8),"A",IF(AND(K10<=8,K10>4),"M",IF(AND(K10<=4,K10>=0),"B"))))) -> A | M10: 25 | N10: =IF(M10="","",IF(M10=100,"M",IF(M10=60,"MG",IF(M10=25,"G",IF(M10=10,"L",""))))) -> G | O10: =IF(M10="","",ROUND(M10*K10,0)) -> 500 | P10: =IF(O10="","",IF(O10="","",IF(AND(O10<=4000,O10>500),"I",IF(AND(O10<=500,O10>120),"II",IF(AND(O10<=120,O10>20),"III",IF(O10<=20,"IV")))))) -> II | Q10: =IF(P10="","",IF(P10="I","Situación Crítica. Corrección urgente.",IF(P10="II","Corregir y adoptar medidas de control.",IF(P10="III","Mejorar si es posible. Sería conveniente justificar la intervención y su rentabilidad.",IF(P10="IV","No intervenir, salvo que un análisis más preciso lo justifique."))))) -> Corregir y adoptar medidas de control. | R10: =IF(M10=10,"Pequeñas lesiones que no requieren hospitalización.",IF(M10=25,"Lesiones con incapacidad laboral transitoria (I. L. T.).",IF(M10=60,"Lesiones graves que pueden ser irreparables.",IF(M10=100,"1 muerto o más.")))) -> Lesiones con incapacidad laboral transitoria (I. L. T.). | S10: Si
B11: Si | C11: =IF(D11="","",IF(D11="010-E","Trabajo en altura/ zonas con desnivel",IF(D11="020-E","Superficies irregulares u obstruidas",IF(D11="030-E","Estructuras inestables/ espacios confinados",IF(D11="040-E","Desprendimiento de objetos",IF(D11="090-E","Manipulación de máquinas/ herramientas",IF(D11="100-E","Operaciones de conformado",IF(D11="110-E","Objetos fijos o móviles",IF(D11="250a-E","Situaciones fortuitas",IF(D11="230-E","Colisión/ impacto vehicular",IF(D11="250b-E","Situaciones fortuitas",IF(D11="160-E","Energía eléctrica",IF(D11="150a-E","Fuentes de calor",IF(D11="150b-E","Fuentes de calor",IF(D11="150c-E","Fuentes de calor",IF(D11="570","Condiciones inadecuadas",IF(D11="120-I","Maquinaria pesada",IF(D11="330","Niveles sonoros",IF(D11="340","Movimientos oscilatorios",IF(D11="360","Fuentes emisoras de energía",IF(D11="170","Sustancias químicas",IF(D11="380","Niveles lumínicos",IF(D11="010-I","Trabajo en altura/ zonas con desnivel",IF(D11="020-I","Superficies irregulares u obstruidas",IF(D11="030-I","Estructuras inestables/ espacios confinados",IF(D11="040-I","Desprendimiento de objetos",IF(D11="090-I","Manipulación de máquinas/ herramientas",IF(D11="100-I","Operaciones de conformado",IF(D11="110-I","Objetos fijos o móviles",IF(D11="250a-I","Situaciones fortuitas",IF(D11="230-I","Colisión/ impacto vehicular",IF(D11="250b-I","Situaciones fortuitas",IF(D11="160-I","Energía eléctrica",IF(D11="390","Atmósferas contaminadas",IF(D11="130","Posturas forzadas/ manipulación manual de cargas"))))))))))))))))))))))))))))))))))) -> Colisión/ impacto vehicular | D11: 230-E | E11: =IF(D11="","",IF(D11="010-E","Caída de personas a distinto nivel",IF(D11="020-E","Caída de personas al mismo nivel",IF(D11="030-E","Caída de objetos por desplome",IF(D11="040-E","Caída de objetos en manipulación",IF(D11="090-E","Golpes/cortes por objetos o herramientas",IF(D11="110-E","Atrapamiento por o entre objetos",IF(D11="100-E","Proyección de fragmentos o partículas",IF(D11="230-E","Atropellos o golpes con vehículos",IF(D11="250a-E","Otros riesgos de accidente a) inherentes a la manipulación de herramientas eléctricas",IF(D11="250b-E","Otros riesgos de accidente b) Inherentes a la manipulación de herramientas manuales",IF(D11="160-E","Contactos Eléctricos",IF(D11="150a-E","Contactos térmicos a) inherentes al trabajador",IF(D11="150b-E","Contactos térmicos b) inherentes a la manipulación de elementos estructurales",IF(D11="150c-E","Contactos térmicos c) inherentes al proceso de soldadura",IF(D11="570","Organización del trabajo incorrecta",IF(D11="120-I","Atrapamiento por vuelco de máquinas",IF(D11="","",IF(D11="010-I","Caída de personas a distinto nivel",IF(D11="020-I","Caída de personas al mismo nivel",IF(D11="030-I","Caída de objetos por desplome",IF(D11="040-I","Caída de objetos en manipulación",IF(D11="090-I","Golpes/cortes por objetos o herramientas",IF(D11="110-I","Atrapamiento por o entre objetos",IF(D11="100-I","Proyección de fragmentos o partículas",IF(D11="230-I","Atropellos o golpes con vehículos",IF(D11="250a-I","Otros riesgos de accidente a) inherentes a la manipulación de herramientas eléctricas",IF(D11="250b-I","Otros riesgos de accidente b) Inherentes a la manipulación de herramientas manuales",IF(D11="390","Otra exposición a) asfixia o intoxicación",IF(D11="160-I","Contactos Eléctricos",IF(D11="570","Organización del trabajo incorrecta",IF(D11="120-I","Atrapamiento por vuelco de máquinas",IF(D11="330","Ruido",IF(D11="340","Vibración",IF(D11="360","Radiaciones ionizantes",IF(D11="170","Exposición a sustancias nocivas",IF(D11="130","Sobreesfuerzos",IF(D11="380","Iluminación",IF(D11="330","Ruido",IF(D11="340","Vibración",IF(D11="360","Radiaciones ionizantes",IF(D11="170","Exposición a sustancias nocivas",IF(D11="130","Sobreesfuerzos",IF(D11="380","Iluminación")))))))))))))))))))))))))))))))))))))))))))) -> Atropellos o golpes con vehículos | F11: =IF(D11="","",IF(D11="010-E","Riesgo de seguridad (Riesgo Mecánico)",IF(D11="020-E","Riesgo de seguridad (Riesgo Mecánico)",IF(D11="030-E","Riesgo de seguridad (Riesgo Mecánico)",IF(D11="040-E","Riesgo de seguridad (Riesgo Mecánico)",IF(D11="090-E","Riesgo de seguridad (Riesgo Mecánico)",IF(D11="110-E","Riesgo de seguridad (Riesgo Mecánico)",IF(D11="100-E","Riesgo de seguridad (Riesgo Mecánico)",IF(D11="230-E","Riesgo de seguridad (Riesgo Mecánico)",IF(D11="250a-E","Riesgo de seguridad (Riesgo Mecánico)",IF(D11="250b-E","Riesgo de seguridad (Riesgo Mecánico)",IF(D11="160-E","Riesgo de seguridad (Riesgo Eléctrico)",IF(D11="150a-E","Riesgo de seguridad (Riesgo Industrial Mayor)",IF(D11="150b-E","Riesgo de seguridad (Riesgo Industrial Mayor)",IF(D11="150c-E","Riesgo de seguridad (Riesgo Industrial Mayor)",IF(D11="570","Riesgo de seguridad (Riesgo Locativo)",IF(D11="120-I","Riesgo Mecánico",IF(D11="330","Riesgo Físico",IF(D11="340","Riesgo Físico",IF(D11="360","Riesgo Físico",IF(D11="170","Riesgo Químico",IF(D11="130","Riesgo Ergonómico",IF(D11="380","Riesgo Físico",IF(D11="010-I","Riesgo de seguridad (Riesgo Mecánico)",IF(D11="020-I","Riesgo de seguridad (Riesgo Mecánico)",IF(D11="030-I","Riesgo de seguridad (Riesgo Mecánico)",IF(D11="040-I","Riesgo de seguridad (Riesgo Mecánico)",IF(D11="090-I","Riesgo de seguridad (Riesgo Mecánico)",IF(D11="110-I","Riesgo de seguridad (Riesgo Mecánico)",IF(D11="100-I","Riesgo de seguridad (Riesgo Mecánico)",IF(D11="230-I","Riesgo de seguridad (Riesgo Mecánico)",IF(D11="250a-I","Riesgo de seguridad (Riesgo Mecánico)",IF(D11="250b-I","Riesgo de seguridad (Riesgo Mecánico)",IF(D11="160-I","Riesgo de seguridad (Riesgo Eléctrico)",IF(D11="590","Riesgo de seguridad (Riesgo Mecánico)"))))))))))))))))))))))))))))))))))) -> Riesgo de seguridad (Riesgo Mecánico) | G11: ='E-OP-RM-AGV'!J19 -> 5.2777778 | H11: =IF(G11="","",IF(AND(G11<=10,G11>6),"MD",IF(AND(G11<=6,G11>2),"D",IF(AND(G11<=2,G11>0),"M",IF(G11=0,"B"))))) -> D | I11: 2 | J11: =IF(I11=4,"EC",IF(I11=3,"EF",IF(I11=2,"EO",IF(I11=1,"EE","")))) -> EO | K11: =IF(I11="","",G11*I11) -> 10.555556 | L11: =IF(K11="","",IF(K11>=24,"MA",IF(AND(K11<24,K11>8),"A",IF(AND(K11<=8,K11>4),"M",IF(AND(K11<=4,K11>=0),"B"))))) -> A | M11: 100 | N11: =IF(M11="","",IF(M11=100,"M",IF(M11=60,"MG",IF(M11=25,"G",IF(M11=10,"L",""))))) -> M | O11: =IF(M11="","",ROUND(M11*K11,0)) -> 1056 | P11: =IF(O11="","",IF(O11="","",IF(AND(O11<=4000,O11>500),"I",IF(AND(O11<=500,O11>120),"II",IF(AND(O11<=120,O11>20),"III",IF(O11<=20,"IV")))))) -> I | Q11: =IF(P11="","",IF(P11="I","Situación Crítica. Corrección urgente.",IF(P11="II","Corregir y adoptar medidas de control.",IF(P11="III","Mejorar si es posible. Sería conveniente justificar la intervención y su rentabilidad.",IF(P11="IV","No intervenir, salvo que un análisis más preciso lo justifique."))))) -> Situación Crítica. Corrección urgente. | R11: =IF(M11=10,"Pequeñas lesiones que no requieren hospitalización.",IF(M11=25,"Lesiones con incapacidad laboral transitoria (I. L. T.).",IF(M11=60,"Lesiones graves que pueden ser irreparables.",IF(M11=100,"1 muerto o más.")))) -> 1 muerto o más. | S11: Si
B12: Si | C12: =IF(D12="","",IF(D12="010-E","Trabajo en altura/ zonas con desnivel",IF(D12="020-E","Superficies irregulares u obstruidas",IF(D12="030-E","Estructuras inestables/ espacios confinados",IF(D12="040-E","Desprendimiento de objetos",IF(D12="090-E","Manipulación de máquinas/ herramientas",IF(D12="100-E","Operaciones de conformado",IF(D12="110-E","Objetos fijos o móviles",IF(D12="250a-E","Situaciones fortuitas",IF(D12="230-E","Colisión/ impacto vehicular",IF(D12="250b-E","Situaciones fortuitas",IF(D12="160-E","Energía eléctrica",IF(D12="150a-E","Fuentes de calor",IF(D12="150b-E","Fuentes de calor",IF(D12="150c-E","Fuentes de calor",IF(D12="570","Condiciones inadecuadas",IF(D12="120-I","Maquinaria pesada",IF(D12="330","Niveles sonoros",IF(D12="340","Movimientos oscilatorios",IF(D12="360","Fuentes emisoras de energía",IF(D12="170","Sustancias químicas",IF(D12="380","Niveles lumínicos",IF(D12="010-I","Trabajo en altura/ zonas con desnivel",IF(D12="020-I","Superficies irregulares u obstruidas",IF(D12="030-I","Estructuras inestables/ espacios confinados",IF(D12="040-I","Desprendimiento de objetos",IF(D12="090-I","Manipulación de máquinas/ herramientas",IF(D12="100-I","Operaciones de conformado",IF(D12="110-I","Objetos fijos o móviles",IF(D12="250a-I","Situaciones fortuitas",IF(D12="230-I","Colisión/ impacto vehicular",IF(D12="250b-I","Situaciones fortuitas",IF(D12="160-I","Energía eléctrica",IF(D12="390","Atmósferas contaminadas",IF(D12="130","Posturas forzadas/ manipulación manual de cargas"))))))))))))))))))))))))))))))))))) -> Situaciones fortuitas | D12: 250a-E | E12: =IF(D12="","",IF(D12="010-E","Caída de personas a distinto nivel",IF(D12="020-E","Caída de personas al mismo nivel",IF(D12="030-E","Caída de objetos por desplome",IF(D12="040-E","Caída de objetos en manipulación",IF(D12="090-E","Golpes/cortes por objetos o herramientas",IF(D12="110-E","Atrapamiento por o entre objetos",IF(D12="100-E","Proyección de fragmentos o partículas",IF(D12="230-E","Atropellos o golpes con vehículos",IF(D12="250a-E","Otros riesgos de accidente a) inherentes a la manipulación de herramientas eléctricas",IF(D12="250b-E","Otros riesgos de accidente b) Inherentes a la manipulación de herramientas manuales",IF(D12="160-E","Contactos Eléctricos",IF(D12="150a-E","Contactos térmicos a) inherentes al trabajador",IF(D12="150b-E","Contactos térmicos b) inherentes a la manipulación de elementos estructurales",IF(D12="150c-E","Contactos térmicos c) inherentes al proceso de soldadura",IF(D12="570","Organización del trabajo incorrecta",IF(D12="120-I","Atrapamiento por vuelco de máquinas",IF(D12="","",IF(D12="010-I","Caída de personas a distinto nivel",IF(D12="020-I","Caída de personas al mismo nivel",IF(D12="030-I","Caída de objetos por desplome",IF(D12="040-I","Caída de objetos en manipulación",IF(D12="090-I","Golpes/cortes por objetos o herramientas",IF(D12="110-I","Atrapamiento por o entre objetos",IF(D12="100-I","Proyección de fragmentos o partículas",IF(D12="230-I","Atropellos o golpes con vehículos",IF(D12="250a-I","Otros riesgos de accidente a) inherentes a la manipulación de herramientas eléctricas",IF(D12="250b-I","Otros riesgos de accidente b) Inherentes a la manipulación de herramientas manuales",IF(D12="390","Otra exposición a) asfixia o intoxicación",IF(D12="160-I","Contactos Eléctricos",IF(D12="570","Organización del trabajo incorrecta",IF(D12="120-I","Atrapamiento por vuelco de máquinas",IF(D12="330","Ruido",IF(D12="340","Vibración",IF(D12="360","Radiaciones ionizantes",IF(D12="170","Exposición a sustancias nocivas",IF(D12="130","Sobreesfuerzos",IF(D12="380","Iluminación",IF(D12="330","Ruido",IF(D12="340","Vibración",IF(D12="360","Radiaciones ionizantes",IF(D12="170","Exposición a sustancias nocivas",IF(D12="130","Sobreesfuerzos",IF(D12="380","Iluminación")))))))))))))))))))))))))))))))))))))))))))) -> Otros riesgos de accidente a) inherentes a la manipulación de herramientas eléctricas | F12: =IF(D12="","",IF(D12="010-E","Riesgo de seguridad (Riesgo Mecánico)",IF(D12="020-E","Riesgo de seguridad (Riesgo Mecánico)",IF(D12="030-E","Riesgo de seguridad (Riesgo Mecánico)",IF(D12="040-E","Riesgo de seguridad (Riesgo Mecánico)",IF(D12="090-E","Riesgo de seguridad (Riesgo Mecánico)",IF(D12="110-E","Riesgo de seguridad (Riesgo Mecánico)",IF(D12="100-E","Riesgo de seguridad (Riesgo Mecánico)",IF(D12="230-E","Riesgo de seguridad (Riesgo Mecánico)",IF(D12="250a-E","Riesgo de seguridad (Riesgo Mecánico)",IF(D12="250b-E","Riesgo de seguridad (Riesgo Mecánico)",IF(D12="160-E","Riesgo de seguridad (Riesgo Eléctrico)",IF(D12="150a-E","Riesgo de seguridad (Riesgo Industrial Mayor)",IF(D12="150b-E","Riesgo de seguridad (Riesgo Industrial Mayor)",IF(D12="150c-E","Riesgo de seguridad (Riesgo Industrial Mayor)",IF(D12="570","Riesgo de seguridad (Riesgo Locativo)",IF(D12="120-I","Riesgo Mecánico",IF(D12="330","Riesgo Físico",IF(D12="340","Riesgo Físico",IF(D12="360","Riesgo Físico",IF(D12="170","Riesgo Químico",IF(D12="130","Riesgo Ergonómico",IF(D12="380","Riesgo Físico",IF(D12="010-I","Riesgo de seguridad (Riesgo Mecánico)",IF(D12="020-I","Riesgo de seguridad (Riesgo Mecánico)",IF(D12="030-I","Riesgo de seguridad (Riesgo Mecánico)",IF(D12="040-I","Riesgo de seguridad (Riesgo Mecánico)",IF(D12="090-I","Riesgo de seguridad (Riesgo Mecánico)",IF(D12="110-I","Riesgo de seguridad (Riesgo Mecánico)",IF(D12="100-I","Riesgo de seguridad (Riesgo Mecánico)",IF(D12="230-I","Riesgo de seguridad (Riesgo Mecánico)",IF(D12="250a-I","Riesgo de seguridad (Riesgo Mecánico)",IF(D12="250b-I","Riesgo de seguridad (Riesgo Mecánico)",IF(D12="160-I","Riesgo de seguridad (Riesgo Eléctrico)",IF(D12="590","Riesgo de seguridad (Riesgo Mecánico)"))))))))))))))))))))))))))))))))))) -> Riesgo de seguridad (Riesgo Mecánico) | G12: ='E-OP-RM-ORAa'!J15 -> 9.6153846 | H12: =IF(G12="","",IF(AND(G12<=10,G12>6),"MD",IF(AND(G12<=6,G12>2),"D",IF(AND(G12<=2,G12>0),"M",IF(G12=0,"B"))))) -> MD | I12: 3 | J12: =IF(I12=4,"EC",IF(I12=3,"EF",IF(I12=2,"EO",IF(I12=1,"EE","")))) -> EF | K12: =IF(I12="","",G12*I12) -> 28.846154 | L12: =IF(K12="","",IF(K12>=24,"MA",IF(AND(K12<24,K12>8),"A",IF(AND(K12<=8,K12>4),"M",IF(AND(K12<=4,K12>=0),"B"))))) -> MA | M12: 60 | N12: =IF(M12="","",IF(M12=100,"M",IF(M12=60,"MG",IF(M12=25,"G",IF(M12=10,"L",""))))) -> MG | O12: =IF(M12="","",ROUND(M12*K12,0)) -> 1731 | P12: =IF(O12="","",IF(O12="","",IF(AND(O12<=4000,O12>500),"I",IF(AND(O12<=500,O12>120),"II",IF(AND(O12<=120,O12>20),"III",IF(O12<=20,"IV")))))) -> I | Q12: =IF(P12="","",IF(P12="I","Situación Crítica. Corrección urgente.",IF(P12="II","Corregir y adoptar medidas de control.",IF(P12="III","Mejorar si es posible. Sería conveniente justificar la intervención y su rentabilidad.",IF(P12="IV","No intervenir, salvo que un análisis más preciso lo justifique."))))) -> Situación Crítica. Corrección urgente. | R12: =IF(M12=10,"Pequeñas lesiones que no requieren hospitalización.",IF(M12=25,"Lesiones con incapacidad laboral transitoria (I. L. T.).",IF(M12=60,"Lesiones graves que pueden ser irreparables.",IF(M12=100,"1 muerto o más.")))) -> Lesiones graves que pueden ser irreparables. | S12: Si
B13: Si | C13: =IF(D13="","",IF(D13="010-E","Trabajo en altura/ zonas con desnivel",IF(D13="020-E","Superficies irregulares u obstruidas",IF(D13="030-E","Estructuras inestables/ espacios confinados",IF(D13="040-E","Desprendimiento de objetos",IF(D13="090-E","Manipulación de máquinas/ herramientas",IF(D13="100-E","Operaciones de conformado",IF(D13="110-E","Objetos fijos o móviles",IF(D13="250a-E","Situaciones fortuitas",IF(D13="230-E","Colisión/ impacto vehicular",IF(D13="250b-E","Situaciones fortuitas",IF(D13="160-E","Energía eléctrica",IF(D13="150a-E","Fuentes de calor",IF(D13="150b-E","Fuentes de calor",IF(D13="150c-E","Fuentes de calor",IF(D13="570","Condiciones inadecuadas",IF(D13="120-I","Maquinaria pesada",IF(D13="330","Niveles sonoros",IF(D13="340","Movimientos oscilatorios",IF(D13="360","Fuentes emisoras de energía",IF(D13="170","Sustancias químicas",IF(D13="380","Niveles lumínicos",IF(D13="010-I","Trabajo en altura/ zonas con desnivel",IF(D13="020-I","Superficies irregulares u obstruidas",IF(D13="030-I","Estructuras inestables/ espacios confinados",IF(D13="040-I","Desprendimiento de objetos",IF(D13="090-I","Manipulación de máquinas/ herramientas",IF(D13="100-I","Operaciones de conformado",IF(D13="110-I","Objetos fijos o móviles",IF(D13="250a-I","Situaciones fortuitas",IF(D13="230-I","Colisión/ impacto vehicular",IF(D13="250b-I","Situaciones fortuitas",IF(D13="160-I","Energía eléctrica",IF(D13="390","Atmósferas contaminadas",IF(D13="130","Posturas forzadas/ manipulación manual de cargas"))))))))))))))))))))))))))))))))))) -> Situaciones fortuitas | D13: 250b-E | E13: =IF(D13="","",IF(D13="010-E","Caída de personas a distinto nivel",IF(D13="020-E","Caída de personas al mismo nivel",IF(D13="030-E","Caída de objetos por desplome",IF(D13="040-E","Caída de objetos en manipulación",IF(D13="090-E","Golpes/cortes por objetos o herramientas",IF(D13="110-E","Atrapamiento por o entre objetos",IF(D13="100-E","Proyección de fragmentos o partículas",IF(D13="230-E","Atropellos o golpes con vehículos",IF(D13="250a-E","Otros riesgos de accidente a) inherentes a la manipulación de herramientas eléctricas",IF(D13="250b-E","Otros riesgos de accidente b) Inherentes a la manipulación de herramientas manuales",IF(D13="160-E","Contactos Eléctricos",IF(D13="150a-E","Contactos térmicos a) inherentes al trabajador",IF(D13="150b-E","Contactos térmicos b) inherentes a la manipulación de elementos estructurales",IF(D13="150c-E","Contactos térmicos c) inherentes al proceso de soldadura",IF(D13="570","Organización del trabajo incorrecta",IF(D13="120-I","Atrapamiento por vuelco de máquinas",IF(D13="","",IF(D13="010-I","Caída de personas a distinto nivel",IF(D13="020-I","Caída de personas al mismo nivel",IF(D13="030-I","Caída de objetos por desplome",IF(D13="040-I","Caída de objetos en manipulación",IF(D13="090-I","Golpes/cortes por objetos o herramientas",IF(D13="110-I","Atrapamiento por o entre objetos",IF(D13="100-I","Proyección de fragmentos o partículas",IF(D13="230-I","Atropellos o golpes con vehículos",IF(D13="250a-I","Otros riesgos de accidente a) inherentes a la manipulación de herramientas eléctricas",IF(D13="250b-I","Otros riesgos de accidente b) Inherentes a la manipulación de herramientas manuales",IF(D13="390","Otra exposición a) asfixia o intoxicación",IF(D13="160-I","Contactos Eléctricos",IF(D13="570","Organización del trabajo incorrecta",IF(D13="120-I","Atrapamiento por vuelco de máquinas",IF(D13="330","Ruido",IF(D13="340","Vibración",IF(D13="360","Radiaciones ionizantes",IF(D13="170","Exposición a sustancias nocivas",IF(D13="130","Sobreesfuerzos",IF(D13="380","Iluminación",IF(D13="330","Ruido",IF(D13="340","Vibración",IF(D13="360","Radiaciones ionizantes",IF(D13="170","Exposición a sustancias nocivas",IF(D13="130","Sobreesfuerzos",IF(D13="380","Iluminación")))))))))))))))))))))))))))))))))))))))))))) -> Otros riesgos de accidente b) Inherentes a la manipulación de herramientas manuales | F13: =IF(D13="","",IF(D13="010-E","Riesgo de seguridad (Riesgo Mecánico)",IF(D13="020-E","Riesgo de seguridad (Riesgo Mecánico)",IF(D13="030-E","Riesgo de seguridad (Riesgo Mecánico)",IF(D13="040-E","Riesgo de seguridad (Riesgo Mecánico)",IF(D13="090-E","Riesgo de seguridad (Riesgo Mecánico)",IF(D13="110-E","Riesgo de seguridad (Riesgo Mecánico)",IF(D13="100-E","Riesgo de seguridad (Riesgo Mecánico)",IF(D13="230-E","Riesgo de seguridad (Riesgo Mecánico)",IF(D13="250a-E","Riesgo de seguridad (Riesgo Mecánico)",IF(D13="250b-E","Riesgo de seguridad (Riesgo Mecánico)",IF(D13="160-E","Riesgo de seguridad (Riesgo Eléctrico)",IF(D13="150a-E","Riesgo de seguridad (Riesgo Industrial Mayor)",IF(D13="150b-E","Riesgo de seguridad (Riesgo Industrial Mayor)",IF(D13="150c-E","Riesgo de seguridad (Riesgo Industrial Mayor)",IF(D13="570","Riesgo de seguridad (Riesgo Locativo)",IF(D13="120-I","Riesgo Mecánico",IF(D13="330","Riesgo Físico",IF(D13="340","Riesgo Físico",IF(D13="360","Riesgo Físico",IF(D13="170","Riesgo Químico",IF(D13="130","Riesgo Ergonómico",IF(D13="380","Riesgo Físico",IF(D13="010-I","Riesgo de seguridad (Riesgo Mecánico)",IF(D13="020-I","Riesgo de seguridad (Riesgo Mecánico)",IF(D13="030-I","Riesgo de seguridad (Riesgo Mecánico)",IF(D13="040-I","Riesgo de seguridad (Riesgo Mecánico)",IF(D13="090-I","Riesgo de seguridad (Riesgo Mecánico)",IF(D13="110-I","Riesgo de seguridad (Riesgo Mecánico)",IF(D13="100-I","Riesgo de seguridad (Riesgo Mecánico)",IF(D13="230-I","Riesgo de seguridad (Riesgo Mecánico)",IF(D13="250a-I","Riesgo de seguridad (Riesgo Mecánico)",IF(D13="250b-I","Riesgo de seguridad (Riesgo Mecánico)",IF(D13="160-I","Riesgo de seguridad (Riesgo Eléctrico)",IF(D13="590","Riesgo de seguridad (Riesgo Mecánico)"))))))))))))))))))))))))))))))))))) -> Riesgo de seguridad (Riesgo Mecánico) | G13: ='E-OP-RM-ORAb'!J15 -> 6.5 | H13: =IF(G13="","",IF(AND(G13<=10,G13>6),"MD",IF(AND(G13<=6,G13>2),"D",IF(AND(G13<=2,G13>0),"M",IF(G13=0,"B"))))) -> MD | I13: 3 | J13: =IF(I13=4,"EC",IF(I13=3,"EF",IF(I13=2,"EO",IF(I13=1,"EE","")))) -> EF | K13: =IF(I13="","",G13*I13) -> 19.5 | L13: =IF(K13="","",IF(K13>=24,"MA",IF(AND(K13<24,K13>8),"A",IF(AND(K13<=8,K13>4),"M",IF(AND(K13<=4,K13>=0),"B"))))) -> A | M13: 60 | N13: =IF(M13="","",IF(M13=100,"M",IF(M13=60,"MG",IF(M13=25,"G",IF(M13=10,"L",""))))) -> MG | O13: =IF(M13="","",ROUND(M13*K13,0)) -> 1170 | P13: =IF(O13="","",IF(O13="","",IF(AND(O13<=4000,O13>500),"I",IF(AND(O13<=500,O13>120),"II",IF(AND(O13<=120,O13>20),"III",IF(O13<=20,"IV")))))) -> I | Q13: =IF(P13="","",IF(P13="I","Situación Crítica. Corrección urgente.",IF(P13="II","Corregir y adoptar medidas de control.",IF(P13="III","Mejorar si es posible. Sería conveniente justificar la intervención y su rentabilidad.",IF(P13="IV","No intervenir, salvo que un análisis más preciso lo justifique."))))) -> Situación Crítica. Corrección urgente. | R13: =IF(M13=10,"Pequeñas lesiones que no requieren hospitalización.",IF(M13=25,"Lesiones con incapacidad laboral transitoria (I. L. T.).",IF(M13=60,"Lesiones graves que pueden ser irreparables.",IF(M13=100,"1 muerto o más.")))) -> Lesiones graves que pueden ser irreparables. | S13: Si
B14: Si | C14: =IF(D14="","",IF(D14="010-E","Trabajo en altura/ zonas con desnivel",IF(D14="020-E","Superficies irregulares u obstruidas",IF(D14="030-E","Estructuras inestables/ espacios confinados",IF(D14="040-E","Desprendimiento de objetos",IF(D14="090-E","Manipulación de máquinas/ herramientas",IF(D14="100-E","Operaciones de conformado",IF(D14="110-E","Objetos fijos o móviles",IF(D14="250a-E","Situaciones fortuitas",IF(D14="230-E","Colisión/ impacto vehicular",IF(D14="250b-E","Situaciones fortuitas",IF(D14="160-E","Energía eléctrica",IF(D14="150a-E","Fuentes de calor",IF(D14="150b-E","Fuentes de calor",IF(D14="150c-E","Fuentes de calor",IF(D14="570","Condiciones inadecuadas",IF(D14="120-I","Maquinaria pesada",IF(D14="330","Niveles sonoros",IF(D14="340","Movimientos oscilatorios",IF(D14="360","Fuentes emisoras de energía",IF(D14="170","Sustancias químicas",IF(D14="380","Niveles lumínicos",IF(D14="010-I","Trabajo en altura/ zonas con desnivel",IF(D14="020-I","Superficies irregulares u obstruidas",IF(D14="030-I","Estructuras inestables/ espacios confinados",IF(D14="040-I","Desprendimiento de objetos",IF(D14="090-I","Manipulación de máquinas/ herramientas",IF(D14="100-I","Operaciones de conformado",IF(D14="110-I","Objetos fijos o móviles",IF(D14="250a-I","Situaciones fortuitas",IF(D14="230-I","Colisión/ impacto vehicular",IF(D14="250b-I","Situaciones fortuitas",IF(D14="160-I","Energía eléctrica",IF(D14="390","Atmósferas contaminadas",IF(D14="130","Posturas forzadas/ manipulación manual de cargas"))))))))))))))))))))))))))))))))))) -> Energía eléctrica | D14: 160-E | E14: =IF(D14="","",IF(D14="010-E","Caída de personas a distinto nivel",IF(D14="020-E","Caída de personas al mismo nivel",IF(D14="030-E","Caída de objetos por desplome",IF(D14="040-E","Caída de objetos en manipulación",IF(D14="090-E","Golpes/cortes por objetos o herramientas",IF(D14="110-E","Atrapamiento por o entre objetos",IF(D14="100-E","Proyección de fragmentos o partículas",IF(D14="230-E","Atropellos o golpes con vehículos",IF(D14="250a-E","Otros riesgos de accidente a) inherentes a la manipulación de herramientas eléctricas",IF(D14="250b-E","Otros riesgos de accidente b) Inherentes a la manipulación de herramientas manuales",IF(D14="160-E","Contactos Eléctricos",IF(D14="150a-E","Contactos térmicos a) inherentes al trabajador",IF(D14="150b-E","Contactos térmicos b) inherentes a la manipulación de elementos estructurales",IF(D14="150c-E","Contactos térmicos c) inherentes al proceso de soldadura",IF(D14="570","Organización del trabajo incorrecta",IF(D14="120-I","Atrapamiento por vuelco de máquinas",IF(D14="","",IF(D14="010-I","Caída de personas a distinto nivel",IF(D14="020-I","Caída de personas al mismo nivel",IF(D14="030-I","Caída de objetos por desplome",IF(D14="040-I","Caída de objetos en manipulación",IF(D14="090-I","Golpes/cortes por objetos o herramientas",IF(D14="110-I","Atrapamiento por o entre objetos",IF(D14="100-I","Proyección de fragmentos o partículas",IF(D14="230-I","Atropellos o golpes con vehículos",IF(D14="250a-I","Otros riesgos de accidente a) inherentes a la manipulación de herramientas eléctricas",IF(D14="250b-I","Otros riesgos de accidente b) Inherentes a la manipulación de herramientas manuales",IF(D14="390","Otra exposición a) asfixia o intoxicación",IF(D14="160-I","Contactos Eléctricos",IF(D14="570","Organización del trabajo incorrecta",IF(D14="120-I","Atrapamiento por vuelco de máquinas",IF(D14="330","Ruido",IF(D14="340","Vibración",IF(D14="360","Radiaciones ionizantes",IF(D14="170","Exposición a sustancias nocivas",IF(D14="130","Sobreesfuerzos",IF(D14="380","Iluminación",IF(D14="330","Ruido",IF(D14="340","Vibración",IF(D14="360","Radiaciones ionizantes",IF(D14="170","Exposición a sustancias nocivas",IF(D14="130","Sobreesfuerzos",IF(D14="380","Iluminación")))))))))))))))))))))))))))))))))))))))))))) -> Contactos Eléctricos | F14: =IF(D14="","",IF(D14="010-E","Riesgo de seguridad (Riesgo Mecánico)",IF(D14="020-E","Riesgo de seguridad (Riesgo Mecánico)",IF(D14="030-E","Riesgo de seguridad (Riesgo Mecánico)",IF(D14="040-E","Riesgo de seguridad (Riesgo Mecánico)",IF(D14="090-E","Riesgo de seguridad (Riesgo Mecánico)",IF(D14="110-E","Riesgo de seguridad (Riesgo Mecánico)",IF(D14="100-E","Riesgo de seguridad (Riesgo Mecánico)",IF(D14="230-E","Riesgo de seguridad (Riesgo Mecánico)",IF(D14="250a-E","Riesgo de seguridad (Riesgo Mecánico)",IF(D14="250b-E","Riesgo de seguridad (Riesgo Mecánico)",IF(D14="160-E","Riesgo de seguridad (Riesgo Eléctrico)",IF(D14="150a-E","Riesgo de seguridad (Riesgo Industrial Mayor)",IF(D14="150b-E","Riesgo de seguridad (Riesgo Industrial Mayor)",IF(D14="150c-E","Riesgo de seguridad (Riesgo Industrial Mayor)",IF(D14="570","Riesgo de seguridad (Riesgo Locativo)",IF(D14="120-I","Riesgo Mecánico",IF(D14="330","Riesgo Físico",IF(D14="340","Riesgo Físico",IF(D14="360","Riesgo Físico",IF(D14="170","Riesgo Químico",IF(D14="130","Riesgo Ergonómico",IF(D14="380","Riesgo Físico",IF(D14="010-I","Riesgo de seguridad (Riesgo Mecánico)",IF(D14="020-I","Riesgo de seguridad (Riesgo Mecánico)",IF(D14="030-I","Riesgo de seguridad (Riesgo Mecánico)",IF(D14="040-I","Riesgo de seguridad (Riesgo Mecánico)",IF(D14="090-I","Riesgo de seguridad (Riesgo Mecánico)",IF(D14="110-I","Riesgo de seguridad (Riesgo Mecánico)",IF(D14="100-I","Riesgo de seguridad (Riesgo Mecánico)",IF(D14="230-I","Riesgo de seguridad (Riesgo Mecánico)",IF(D14="250a-I","Riesgo de seguridad (Riesgo Mecánico)",IF(D14="250b-I","Riesgo de seguridad (Riesgo Mecánico)",IF(D14="160-I","Riesgo de seguridad (Riesgo Eléctrico)",IF(D14="590","Riesgo de seguridad (Riesgo Mecánico)"))))))))))))))))))))))))))))))))))) -> Riesgo de seguridad (Riesgo Eléctrico) | G14: ='E-OP-RE-CE'!J20 -> 8.3783784 | H14: =IF(G14="","",IF(AND(G14<=10,G14>6),"MD",IF(AND(G14<=6,G14>2),"D",IF(AND(G14<=2,G14>0),"M",IF(G14=0,"B"))))) -> MD | I14: 3 | J14: =IF(I14=4,"EC",IF(I14=3,"EF",IF(I14=2,"EO",IF(I14=1,"EE","")))) -> EF | K14: =IF(I14="","",G14*I14) -> 25.135135 | L14: =IF(K14="","",IF(K14>=24,"MA",IF(AND(K14<24,K14>8),"A",IF(AND(K14<=8,K14>4),"M",IF(AND(K14<=4,K14>=0),"B"))))) -> MA | M14: 25 | N14: =IF(M14="","",IF(M14=100,"M",IF(M14=60,"MG",IF(M14=25,"G",IF(M14=10,"L",""))))) -> G | O14: =IF(M14="","",ROUND(M14*K14,0)) -> 628 | P14: =IF(O14="","",IF(O14="","",IF(AND(O14<=4000,O14>500),"I",IF(AND(O14<=500,O14>120),"II",IF(AND(O14<=120,O14>20),"III",IF(O14<=20,"IV")))))) -> I | Q14: =IF(P14="","",IF(P14="I","Situación Crítica. Corrección urgente.",IF(P14="II","Corregir y adoptar medidas de control.",IF(P14="III","Mejorar si es posible. Sería conveniente justificar la intervención y su rentabilidad.",IF(P14="IV","No intervenir, salvo que un análisis más preciso lo justifique."))))) -> Situación Crítica. Corrección urgente. | R14: =IF(M14=10,"Pequeñas lesiones que no requieren hospitalización.",IF(M14=25,"Lesiones con incapacidad laboral transitoria (I. L. T.).",IF(M14=60,"Lesiones graves que pueden ser irreparables.",IF(M14=100,"1 muerto o más.")))) -> Lesiones con incapacidad laboral transitoria (I. L. T.). | S14: Si
B15: Si | C15: =IF(D15="","",IF(D15="010-E","Trabajo en altura/ zonas con desnivel",IF(D15="020-E","Superficies irregulares u obstruidas",IF(D15="030-E","Estructuras inestables/ espacios confinados",IF(D15="040-E","Desprendimiento de objetos",IF(D15="090-E","Manipulación de máquinas/ herramientas",IF(D15="100-E","Operaciones de conformado",IF(D15="110-E","Objetos fijos o móviles",IF(D15="250a-E","Situaciones fortuitas",IF(D15="230-E","Colisión/ impacto vehicular",IF(D15="250b-E","Situaciones fortuitas",IF(D15="160-E","Energía eléctrica",IF(D15="150a-E","Fuentes de calor",IF(D15="150b-E","Fuentes de calor",IF(D15="150c-E","Fuentes de calor",IF(D15="570","Condiciones inadecuadas",IF(D15="120-I","Maquinaria pesada",IF(D15="330","Niveles sonoros",IF(D15="340","Movimientos oscilatorios",IF(D15="360","Fuentes emisoras de energía",IF(D15="170","Sustancias químicas",IF(D15="380","Niveles lumínicos",IF(D15="010-I","Trabajo en altura/ zonas con desnivel",IF(D15="020-I","Superficies irregulares u obstruidas",IF(D15="030-I","Estructuras inestables/ espacios confinados",IF(D15="040-I","Desprendimiento de objetos",IF(D15="090-I","Manipulación de máquinas/ herramientas",IF(D15="100-I","Operaciones de conformado",IF(D15="110-I","Objetos fijos o móviles",IF(D15="250a-I","Situaciones fortuitas",IF(D15="230-I","Colisión/ impacto vehicular",IF(D15="250b-I","Situaciones fortuitas",IF(D15="160-I","Energía eléctrica",IF(D15="390","Atmósferas contaminadas",IF(D15="130","Posturas forzadas/ manipulación manual de cargas"))))))))))))))))))))))))))))))))))) -> Posturas forzadas/ manipulación manual de cargas | D15: 130 | E15: =IF(D15="","",IF(D15="010-E","Caída de personas a distinto nivel",IF(D15="020-E","Caída de personas al mismo nivel",IF(D15="030-E","Caída de objetos por desplome",IF(D15="040-E","Caída de objetos en manipulación",IF(D15="090-E","Golpes/cortes por objetos o herramientas",IF(D15="110-E","Atrapamiento por o entre objetos",IF(D15="100-E","Proyección de fragmentos o partículas",IF(D15="230-E","Atropellos o golpes con vehículos",IF(D15="250a-E","Otros riesgos de accidente a) inherentes a la manipulación de herramientas eléctricas",IF(D15="250b-E","Otros riesgos de accidente b) Inherentes a la manipulación de herramientas manuales",IF(D15="160-E","Contactos Eléctricos",IF(D15="150a-E","Contactos térmicos a) inherentes al trabajador",IF(D15="150b-E","Contactos térmicos b) inherentes a la manipulación de elementos estructurales",IF(D15="150c-E","Contactos térmicos c) inherentes al proceso de soldadura",IF(D15="570","Organización del trabajo incorrecta",IF(D15="120-I","Atrapamiento por vuelco de máquinas",IF(D15="","",IF(D15="010-I","Caída de personas a distinto nivel",IF(D15="020-I","Caída de personas al mismo nivel",IF(D15="030-I","Caída de objetos por desplome",IF(D15="040-I","Caída de objetos en manipulación",IF(D15="090-I","Golpes/cortes por objetos o herramientas",IF(D15="110-I","Atrapamiento por o entre objetos",IF(D15="100-I","Proyección de fragmentos o partículas",IF(D15="230-I","Atropellos o golpes con vehículos",IF(D15="250a-I","Otros riesgos de accidente a) inherentes a la manipulación de herramientas eléctricas",IF(D15="250b-I","Otros riesgos de accidente b) Inherentes a la manipulación de herramientas manuales",IF(D15="390","Otra exposición a) asfixia o intoxicación",IF(D15="160-I","Contactos Eléctricos",IF(D15="570","Organización del trabajo incorrecta",IF(D15="120-I","Atrapamiento por vuelco de máquinas",IF(D15="330","Ruido",IF(D15="340","Vibración",IF(D15="360","Radiaciones ionizantes",IF(D15="170","Exposición a sustancias nocivas",IF(D15="130","Sobreesfuerzos",IF(D15="380","Iluminación",IF(D15="330","Ruido",IF(D15="340","Vibración",IF(D15="360","Radiaciones ionizantes",IF(D15="170","Exposición a sustancias nocivas",IF(D15="130","Sobreesfuerzos",IF(D15="380","Iluminación")))))))))))))))))))))))))))))))))))))))))))) -> Sobreesfuerzos | F15: =IF(D15="","",IF(D15="010-E","Riesgo de seguridad (Riesgo Mecánico)",IF(D15="020-E","Riesgo de seguridad (Riesgo Mecánico)",IF(D15="030-E","Riesgo de seguridad (Riesgo Mecánico)",IF(D15="040-E","Riesgo de seguridad (Riesgo Mecánico)",IF(D15="090-E","Riesgo de seguridad (Riesgo Mecánico)",IF(D15="110-E","Riesgo de seguridad (Riesgo Mecánico)",IF(D15="100-E","Riesgo de seguridad (Riesgo Mecánico)",IF(D15="230-E","Riesgo de seguridad (Riesgo Mecánico)",IF(D15="250a-E","Riesgo de seguridad (Riesgo Mecánico)",IF(D15="250b-E","Riesgo de seguridad (Riesgo Mecánico)",IF(D15="160-E","Riesgo de seguridad (Riesgo Eléctrico)",IF(D15="150a-E","Riesgo de seguridad (Riesgo Industrial Mayor)",IF(D15="150b-E","Riesgo de seguridad (Riesgo Industrial Mayor)",IF(D15="150c-E","Riesgo de seguridad (Riesgo Industrial Mayor)",IF(D15="570","Riesgo de seguridad (Riesgo Locativo)",IF(D15="120-I","Riesgo Mecánico",IF(D15="330","Riesgo Físico",IF(D15="340","Riesgo Físico",IF(D15="360","Riesgo Físico",IF(D15="170","Riesgo Químico",IF(D15="130","Riesgo Ergonómico",IF(D15="380","Riesgo Físico",IF(D15="010-I","Riesgo de seguridad (Riesgo Mecánico)",IF(D15="020-I","Riesgo de seguridad (Riesgo Mecánico)",IF(D15="030-I","Riesgo de seguridad (Riesgo Mecánico)",IF(D15="040-I","Riesgo de seguridad (Riesgo Mecánico)",IF(D15="090-I","Riesgo de seguridad (Riesgo Mecánico)",IF(D15="110-I","Riesgo de seguridad (Riesgo Mecánico)",IF(D15="100-I","Riesgo de seguridad (Riesgo Mecánico)",IF(D15="230-I","Riesgo de seguridad (Riesgo Mecánico)",IF(D15="250a-I","Riesgo de seguridad (Riesgo Mecánico)",IF(D15="250b-I","Riesgo de seguridad (Riesgo Mecánico)",IF(D15="160-I","Riesgo de seguridad (Riesgo Eléctrico)",IF(D15="590","Riesgo de seguridad (Riesgo Mecánico)"))))))))))))))))))))))))))))))))))) -> Riesgo Ergonómico | G15: ='E-OP-RC-RE-S'!I15 -> 10 | H15: =IF(G15="","",IF(AND(G15<=10,G15>6),"MD",IF(AND(G15<=6,G15>2),"D",IF(AND(G15<=2,G15>0),"M",IF(G15=0,"B"))))) -> MD | I15: 3 | J15: =IF(I15=4,"EC",IF(I15=3,"EF",IF(I15=2,"EO",IF(I15=1,"EE","")))) -> EF | K15: =IF(I15="","",G15*I15) -> 30 | L15: =IF(K15="","",IF(K15>=24,"MA",IF(AND(K15<24,K15>8),"A",IF(AND(K15<=8,K15>4),"M",IF(AND(K15<=4,K15>=0),"B"))))) -> MA | M15: 25 | N15: =IF(M15="","",IF(M15=100,"M",IF(M15=60,"MG",IF(M15=25,"G",IF(M15=10,"L",""))))) -> G | O15: =IF(M15="","",ROUND(M15*K15,0)) -> 750 | P15: =IF(O15="","",IF(O15="","",IF(AND(O15<=4000,O15>500),"I",IF(AND(O15<=500,O15>120),"II",IF(AND(O15<=120,O15>20),"III",IF(O15<=20,"IV")))))) -> I | Q15: =IF(P15="","",IF(P15="I","Situación Crítica. Corrección urgente.",IF(P15="II","Corregir y adoptar medidas de control.",IF(P15="III","Mejorar si es posible. Sería conveniente justificar la intervención y su rentabilidad.",IF(P15="IV","No intervenir, salvo que un análisis más preciso lo justifique."))))) -> Situación Crítica. Corrección urgente. | R15: =IF(M15=10,"Pequeñas lesiones que no requieren hospitalización.",IF(M15=25,"Lesiones con incapacidad laboral transitoria (I. L. T.).",IF(M15=60,"Lesiones graves que pueden ser irreparables.",IF(M15=100,"1 muerto o más.")))) -> Lesiones con incapacidad laboral transitoria (I. L. T.). | S15: Si
A16: Movimiento de tierras | B16: Si | C16: =IF(D16="","",IF(D16="010-E","Trabajo en altura/ zonas con desnivel",IF(D16="020-E","Superficies irregulares u obstruidas",IF(D16="030-E","Estructuras inestables/ espacios confinados",IF(D16="040-E","Desprendimiento de objetos",IF(D16="090-E","Manipulación de máquinas/ herramientas",IF(D16="100-E","Operaciones de conformado",IF(D16="110-E","Objetos fijos o móviles",IF(D16="250a-E","Situaciones fortuitas",IF(D16="230-E","Colisión/ impacto vehicular",IF(D16="250b-E","Situaciones fortuitas",IF(D16="160-E","Energía eléctrica",IF(D16="150a-E","Fuentes de calor",IF(D16="150b-E","Fuentes de calor",IF(D16="150c-E","Fuentes de calor",IF(D16="570","Condiciones inadecuadas",IF(D16="120-I","Maquinaria pesada",IF(D16="330","Niveles sonoros",IF(D16="340","Movimientos oscilatorios",IF(D16="360","Fuentes emisoras de energía",IF(D16="170","Sustancias químicas",IF(D16="380","Niveles lumínicos",IF(D16="010-I","Trabajo en altura/ zonas con desnivel",IF(D16="020-I","Superficies irregulares u obstruidas",IF(D16="030-I","Estructuras inestables/ espacios confinados",IF(D16="040-I","Desprendimiento de objetos",IF(D16="090-I","Manipulación de máquinas/ herramientas",IF(D16="100-I","Operaciones de conformado",IF(D16="110-I","Objetos fijos o móviles",IF(D16="250a-I","Situaciones fortuitas",IF(D16="230-I","Colisión/ impacto vehicular",IF(D16="250b-I","Situaciones fortuitas",IF(D16="160-I","Energía eléctrica",IF(D16="390","Atmósferas contaminadas",IF(D16="130","Posturas forzadas/ manipulación manual de cargas"))))))))))))))))))))))))))))))))))) -> Niveles sonoros | D16: 330 | E16: =IF(D16="","",IF(D16="010-E","Caída de personas a distinto nivel",IF(D16="020-E","Caída de personas al mismo nivel",IF(D16="030-E","Caída de objetos por desplome",IF(D16="040-E","Caída de objetos en manipulación",IF(D16="090-E","Golpes/cortes por objetos o herramientas",IF(D16="110-E","Atrapamiento por o entre objetos",IF(D16="100-E","Proyección de fragmentos o partículas",IF(D16="230-E","Atropellos o golpes con vehículos",IF(D16="250a-E","Otros riesgos de accidente a) inherentes a la manipulación de herramientas eléctricas",IF(D16="250b-E","Otros riesgos de accidente b) Inherentes a la manipulación de herramientas manuales",IF(D16="160-E","Contactos Eléctricos",IF(D16="150a-E","Contactos térmicos a) inherentes al trabajador",IF(D16="150b-E","Contactos térmicos b) inherentes a la manipulación de elementos estructurales",IF(D16="150c-E","Contactos térmicos c) inherentes al proceso de soldadura",IF(D16="570","Organización del trabajo incorrecta",IF(D16="120-I","Atrapamiento por vuelco de máquinas",IF(D16="","",IF(D16="010-I","Caída de personas a distinto nivel",IF(D16="020-I","Caída de personas al mismo nivel",IF(D16="030-I","Caída de objetos por desplome",IF(D16="040-I","Caída de objetos en manipulación",IF(D16="090-I","Golpes/cortes por objetos o herramientas",IF(D16="110-I","Atrapamiento por o entre objetos",IF(D16="100-I","Proyección de fragmentos o partículas",IF(D16="230-I","Atropellos o golpes con vehículos",IF(D16="250a-I","Otros riesgos de accidente a) inherentes a la manipulación de herramientas eléctricas",IF(D16="250b-I","Otros riesgos de accidente b) Inherentes a la manipulación de herramientas manuales",IF(D16="390","Otra exposición a) asfixia o intoxicación",IF(D16="160-I","Contactos Eléctricos",IF(D16="570","Organización del trabajo incorrecta",IF(D16="120-I","Atrapamiento por vuelco de máquinas",IF(D16="330","Ruido",IF(D16="340","Vibración",IF(D16="360","Radiaciones ionizantes",IF(D16="170","Exposición a sustancias nocivas",IF(D16="130","Sobreesfuerzos",IF(D16="380","Iluminación",IF(D16="330","Ruido",IF(D16="340","Vibración",IF(D16="360","Radiaciones ionizantes",IF(D16="170","Exposición a sustancias nocivas",IF(D16="130","Sobreesfuerzos",IF(D16="380","Iluminación")))))))))))))))))))))))))))))))))))))))))))) -> Ruido | F16: =IF(D16="","",IF(D16="010-E","Riesgo de seguridad (Riesgo Mecánico)",IF(D16="020-E","Riesgo de seguridad (Riesgo Mecánico)",IF(D16="030-E","Riesgo de seguridad (Riesgo Mecánico)",IF(D16="040-E","Riesgo de seguridad (Riesgo Mecánico)",IF(D16="090-E","Riesgo de seguridad (Riesgo Mecánico)",IF(D16="110-E","Riesgo de seguridad (Riesgo Mecánico)",IF(D16="100-E","Riesgo de seguridad (Riesgo Mecánico)",IF(D16="230-E","Riesgo de seguridad (Riesgo Mecánico)",IF(D16="250a-E","Riesgo de seguridad (Riesgo Mecánico)",IF(D16="250b-E","Riesgo de seguridad (Riesgo Mecánico)",IF(D16="160-E","Riesgo de seguridad (Riesgo Eléctrico)",IF(D16="150a-E","Riesgo de seguridad (Riesgo Industrial Mayor)",IF(D16="150b-E","Riesgo de seguridad (Riesgo Industrial Mayor)",IF(D16="150c-E","Riesgo de seguridad (Riesgo Industrial Mayor)",IF(D16="570","Riesgo de seguridad (Riesgo Locativo)",IF(D16="120-I","Riesgo Mecánico",IF(D16="330","Riesgo Físico",IF(D16="340","Riesgo Físico",IF(D16="360","Riesgo Físico",IF(D16="170","Riesgo Químico",IF(D16="130","Riesgo Ergonómico",IF(D16="380","Riesgo Físico",IF(D16="010-I","Riesgo de seguridad (Riesgo Mecánico)",IF(D16="020-I","Riesgo de seguridad (Riesgo Mecánico)",IF(D16="030-I","Riesgo de seguridad (Riesgo Mecánico)",IF(D16="040-I","Riesgo de seguridad (Riesgo Mecánico)",IF(D16="090-I","Riesgo de seguridad (Riesgo Mecánico)",IF(D16="110-I","Riesgo de seguridad (Riesgo Mecánico)",IF(D16="100-I","Riesgo de seguridad (Riesgo Mecánico)",IF(D16="230-I","Riesgo de seguridad (Riesgo Mecánico)",IF(D16="250a-I","Riesgo de seguridad (Riesgo Mecánico)",IF(D16="250b-I","Riesgo de seguridad (Riesgo Mecánico)",IF(D16="160-I","Riesgo de seguridad (Riesgo Eléctrico)",IF(D16="590","Riesgo de seguridad (Riesgo Mecánico)"))))))))))))))))))))))))))))))))))) -> Riesgo Físico | G16: ='E-MT-RC-RF-R'!I13 -> 10 | H16: =IF(G16="","",IF(AND(G16<=10,G16>6),"MD",IF(AND(G16<=6,G16>2),"D",IF(AND(G16<=2,G16>0),"M",IF(G16=0,"B"))))) -> MD | I16: 3 | J16: =IF(I16=4,"EC",IF(I16=3,"EF",IF(I16=2,"EO",IF(I16=1,"EE","")))) -> EF | K16: =IF(I16="","",G16*I16) -> 30 | L16: =IF(K16="","",IF(K16>=24,"MA",IF(AND(K16<24,K16>8),"A",IF(AND(K16<=8,K16>4),"M",IF(AND(K16<=4,K16>=0),"B"))))) -> MA | M16: 25 | N16: =IF(M16="","",IF(M16=100,"M",IF(M16=60,"MG",IF(M16=25,"G",IF(M16=10,"L",""))))) -> G | O16: =IF(M16="","",ROUND(M16*K16,0)) -> 750 | P16: =IF(O16="","",IF(O16="","",IF(AND(O16<=4000,O16>500),"I",IF(AND(O16<=500,O16>120),"II",IF(AND(O16<=120,O16>20),"III",IF(O16<=20,"IV")))))) -> I | Q16: =IF(P16="","",IF(P16="I","Situación Crítica. Corrección urgente.",IF(P16="II","Corregir y adoptar medidas de control.",IF(P16="III","Mejorar si es posible. Sería conveniente justificar la intervención y su rentabilidad.",IF(P16="IV","No intervenir, salvo que un análisis más preciso lo justifique."))))) -> Situación Crítica. Corrección urgente. | R16: =IF(M16=10,"Pequeñas lesiones que no requieren hospitalización.",IF(M16=25,"Lesiones con incapacidad laboral transitoria (I. L. T.).",IF(M16=60,"Lesiones graves que pueden ser irreparables.",IF(M16=100,"1 muerto o más.")))) -> Lesiones con incapacidad laboral transitoria (I. L. T.). | S16: Si
B17: Si | C17: =IF(D17="","",IF(D17="010-E","Trabajo en altura/ zonas con desnivel",IF(D17="020-E","Superficies irregulares u obstruidas",IF(D17="030-E","Estructuras inestables/ espacios confinados",IF(D17="040-E","Desprendimiento de objetos",IF(D17="090-E","Manipulación de máquinas/ herramientas",IF(D17="100-E","Operaciones de conformado",IF(D17="110-E","Objetos fijos o móviles",IF(D17="250a-E","Situaciones fortuitas",IF(D17="230-E","Colisión/ impacto vehicular",IF(D17="250b-E","Situaciones fortuitas",IF(D17="160-E","Energía eléctrica",IF(D17="150a-E","Fuentes de calor",IF(D17="150b-E","Fuentes de calor",IF(D17="150c-E","Fuentes de calor",IF(D17="570","Condiciones inadecuadas",IF(D17="120-I","Maquinaria pesada",IF(D17="330","Niveles sonoros",IF(D17="340","Movimientos oscilatorios",IF(D17="360","Fuentes emisoras de energía",IF(D17="170","Sustancias químicas",IF(D17="380","Niveles lumínicos",IF(D17="010-I","Trabajo en altura/ zonas con desnivel",IF(D17="020-I","Superficies irregulares u obstruidas",IF(D17="030-I","Estructuras inestables/ espacios confinados",IF(D17="040-I","Desprendimiento de objetos",IF(D17="090-I","Manipulación de máquinas/ herramientas",IF(D17="100-I","Operaciones de conformado",IF(D17="110-I","Objetos fijos o móviles",IF(D17="250a-I","Situaciones fortuitas",IF(D17="230-I","Colisión/ impacto vehicular",IF(D17="250b-I","Situaciones fortuitas",IF(D17="160-I","Energía eléctrica",IF(D17="390","Atmósferas contaminadas",IF(D17="130","Posturas forzadas/ manipulación manual de cargas"))))))))))))))))))))))))))))))))))) -> Movimientos oscilatorios | D17: 340 | E17: =IF(D17="","",IF(D17="010-E","Caída de personas a distinto nivel",IF(D17="020-E","Caída de personas al mismo nivel",IF(D17="030-E","Caída de objetos por desplome",IF(D17="040-E","Caída de objetos en manipulación",IF(D17="090-E","Golpes/cortes por objetos o herramientas",IF(D17="110-E","Atrapamiento por o entre objetos",IF(D17="100-E","Proyección de fragmentos o partículas",IF(D17="230-E","Atropellos o golpes con vehículos",IF(D17="250a-E","Otros riesgos de accidente a) inherentes a la manipulación de herramientas eléctricas",IF(D17="250b-E","Otros riesgos de accidente b) Inherentes a la manipulación de herramientas manuales",IF(D17="160-E","Contactos Eléctricos",IF(D17="150a-E","Contactos térmicos a) inherentes al trabajador",IF(D17="150b-E","Contactos térmicos b) inherentes a la manipulación de elementos estructurales",IF(D17="150c-E","Contactos térmicos c) inherentes al proceso de soldadura",IF(D17="570","Organización del trabajo incorrecta",IF(D17="120-I","Atrapamiento por vuelco de máquinas",IF(D17="","",IF(D17="010-I","Caída de personas a distinto nivel",IF(D17="020-I","Caída de personas al mismo nivel",IF(D17="030-I","Caída de objetos por desplome",IF(D17="040-I","Caída de objetos en manipulación",IF(D17="090-I","Golpes/cortes por objetos o herramientas",IF(D17="110-I","Atrapamiento por o entre objetos",IF(D17="100-I","Proyección de fragmentos o partículas",IF(D17="230-I","Atropellos o golpes con vehículos",IF(D17="250a-I","Otros riesgos de accidente a) inherentes a la manipulación de herramientas eléctricas",IF(D17="250b-I","Otros riesgos de accidente b) Inherentes a la manipulación de herramientas manuales",IF(D17="390","Otra exposición a) asfixia o intoxicación",IF(D17="160-I","Contactos Eléctricos",IF(D17="570","Organización del trabajo incorrecta",IF(D17="120-I","Atrapamiento por vuelco de máquinas",IF(D17="330","Ruido",IF(D17="340","Vibración",IF(D17="360","Radiaciones ionizantes",IF(D17="170","Exposición a sustancias nocivas",IF(D17="130","Sobreesfuerzos",IF(D17="380","Iluminación",IF(D17="330","Ruido",IF(D17="340","Vibración",IF(D17="360","Radiaciones ionizantes",IF(D17="170","Exposición a sustancias nocivas",IF(D17="130","Sobreesfuerzos",IF(D17="380","Iluminación")))))))))))))))))))))))))))))))))))))))))))) -> Vibración | F17: =IF(D17="","",IF(D17="010-E","Riesgo de seguridad (Riesgo Mecánico)",IF(D17="020-E","Riesgo de seguridad (Riesgo Mecánico)",IF(D17="030-E","Riesgo de seguridad (Riesgo Mecánico)",IF(D17="040-E","Riesgo de seguridad (Riesgo Mecánico)",IF(D17="090-E","Riesgo de seguridad (Riesgo Mecánico)",IF(D17="110-E","Riesgo de seguridad (Riesgo Mecánico)",IF(D17="100-E","Riesgo de seguridad (Riesgo Mecánico)",IF(D17="230-E","Riesgo de seguridad (Riesgo Mecánico)",IF(D17="250a-E","Riesgo de seguridad (Riesgo Mecánico)",IF(D17="250b-E","Riesgo de seguridad (Riesgo Mecánico)",IF(D17="160-E","Riesgo de seguridad (Riesgo Eléctrico)",IF(D17="150a-E","Riesgo de seguridad (Riesgo Industrial Mayor)",IF(D17="150b-E","Riesgo de seguridad (Riesgo Industrial Mayor)",IF(D17="150c-E","Riesgo de seguridad (Riesgo Industrial Mayor)",IF(D17="570","Riesgo de seguridad (Riesgo Locativo)",IF(D17="120-I","Riesgo Mecánico",IF(D17="330","Riesgo Físico",IF(D17="340","Riesgo Físico",IF(D17="360","Riesgo Físico",IF(D17="170","Riesgo Químico",IF(D17="130","Riesgo Ergonómico",IF(D17="380","Riesgo Físico",IF(D17="010-I","Riesgo de seguridad (Riesgo Mecánico)",IF(D17="020-I","Riesgo de seguridad (Riesgo Mecánico)",IF(D17="030-I","Riesgo de seguridad (Riesgo Mecánico)",IF(D17="040-I","Riesgo de seguridad (Riesgo Mecánico)",IF(D17="090-I","Riesgo de seguridad (Riesgo Mecánico)",IF(D17="110-I","Riesgo de seguridad (Riesgo Mecánico)",IF(D17="100-I","Riesgo de seguridad (Riesgo Mecánico)",IF(D17="230-I","Riesgo de seguridad (Riesgo Mecánico)",IF(D17="250a-I","Riesgo de seguridad (Riesgo Mecánico)",IF(D17="250b-I","Riesgo de seguridad (Riesgo Mecánico)",IF(D17="160-I","Riesgo de seguridad (Riesgo Eléctrico)",IF(D17="590","Riesgo de seguridad (Riesgo Mecánico)"))))))))))))))))))))))))))))))))))) -> Riesgo Físico | G17: ='E-MT-RC-RF-V'!I13 -> 10 | H17: =IF(G17="","",IF(AND(G17<=10,G17>6),"MD",IF(AND(G17<=6,G17>2),"D",IF(AND(G17<=2,G17>0),"M",IF(G17=0,"B"))))) -> MD | I17: 3 | J17: =IF(I17=4,"EC",IF(I17=3,"EF",IF(I17=2,"EO",IF(I17=1,"EE","")))) -> EF | K17: =IF(I17="","",G17*I17) -> 30 | L17: =IF(K17="","",IF(K17>=24,"MA",IF(AND(K17<24,K17>8),"A",IF(AND(K17<=8,K17>4),"M",IF(AND(K17<=4,K17>=0),"B"))))) -> MA | M17: 25 | N17: =IF(M17="","",IF(M17=100,"M",IF(M17=60,"MG",IF(M17=25,"G",IF(M17=10,"L",""))))) -> G | O17: =IF(M17="","",ROUND(M17*K17,0)) -> 750 | P17: =IF(O17="","",IF(O17="","",IF(AND(O17<=4000,O17>500),"I",IF(AND(O17<=500,O17>120),"II",IF(AND(O17<=120,O17>20),"III",IF(O17<=20,"IV")))))) -> I | Q17: =IF(P17="","",IF(P17="I","Situación Crítica. Corrección urgente.",IF(P17="II","Corregir y adoptar medidas de control.",IF(P17="III","Mejorar si es posible. Sería conveniente justificar la intervención y su rentabilidad.",IF(P17="IV","No intervenir, salvo que un análisis más preciso lo justifique."))))) -> Situación Crítica. Corrección urgente. | R17: =IF(M17=10,"Pequeñas lesiones que no requieren hospitalización.",IF(M17=25,"Lesiones con incapacidad laboral transitoria (I. L. T.).",IF(M17=60,"Lesiones graves que pueden ser irreparables.",IF(M17=100,"1 muerto o más.")))) -> Lesiones con incapacidad laboral transitoria (I. L. T.). | S17: Si
B18: Si | C18: =IF(D18="","",IF(D18="010-E","Trabajo en altura/ zonas con desnivel",IF(D18="020-E","Superficies irregulares u obstruidas",IF(D18="030-E","Estructuras inestables/ espacios confinados",IF(D18="040-E","Desprendimiento de objetos",IF(D18="090-E","Manipulación de máquinas/ herramientas",IF(D18="100-E","Operaciones de conformado",IF(D18="110-E","Objetos fijos o móviles",IF(D18="250a-E","Situaciones fortuitas",IF(D18="230-E","Colisión/ impacto vehicular",IF(D18="250b-E","Situaciones fortuitas",IF(D18="160-E","Energía eléctrica",IF(D18="150a-E","Fuentes de calor",IF(D18="150b-E","Fuentes de calor",IF(D18="150c-E","Fuentes de calor",IF(D18="570","Condiciones inadecuadas",IF(D18="120-I","Maquinaria pesada",IF(D18="330","Niveles sonoros",IF(D18="340","Movimientos oscilatorios",IF(D18="360","Fuentes emisoras de energía",IF(D18="170","Sustancias químicas",IF(D18="380","Niveles lumínicos",IF(D18="010-I","Trabajo en altura/ zonas con desnivel",IF(D18="020-I","Superficies irregulares u obstruidas",IF(D18="030-I","Estructuras inestables/ espacios confinados",IF(D18="040-I","Desprendimiento de objetos",IF(D18="090-I","Manipulación de máquinas/ herramientas",IF(D18="100-I","Operaciones de conformado",IF(D18="110-I","Objetos fijos o móviles",IF(D18="250a-I","Situaciones fortuitas",IF(D18="230-I","Colisión/ impacto vehicular",IF(D18="250b-I","Situaciones fortuitas",IF(D18="160-I","Energía eléctrica",IF(D18="390","Atmósferas contaminadas",IF(D18="130","Posturas forzadas/ manipulación manual de cargas"))))))))))))))))))))))))))))))))))) -> Niveles lumínicos | D18: 380 | E18: =IF(D18="","",IF(D18="010-E","Caída de personas a distinto nivel",IF(D18="020-E","Caída de personas al mismo nivel",IF(D18="030-E","Caída de objetos por desplome",IF(D18="040-E","Caída de objetos en manipulación",IF(D18="090-E","Golpes/cortes por objetos o herramientas",IF(D18="110-E","Atrapamiento por o entre objetos",IF(D18="100-E","Proyección de fragmentos o partículas",IF(D18="230-E","Atropellos o golpes con vehículos",IF(D18="250a-E","Otros riesgos de accidente a) inherentes a la manipulación de herramientas eléctricas",IF(D18="250b-E","Otros riesgos de accidente b) Inherentes a la manipulación de herramientas manuales",IF(D18="160-E","Contactos Eléctricos",IF(D18="150a-E","Contactos térmicos a) inherentes al trabajador",IF(D18="150b-E","Contactos térmicos b) inherentes a la manipulación de elementos estructurales",IF(D18="150c-E","Contactos térmicos c) inherentes al proceso de soldadura",IF(D18="570","Organización del trabajo incorrecta",IF(D18="120-I","Atrapamiento por vuelco de máquinas",IF(D18="","",IF(D18="010-I","Caída de personas a distinto nivel",IF(D18="020-I","Caída de personas al mismo nivel",IF(D18="030-I","Caída de objetos por desplome",IF(D18="040-I","Caída de objetos en manipulación",IF(D18="090-I","Golpes/cortes por objetos o herramientas",IF(D18="110-I","Atrapamiento por o entre objetos",IF(D18="100-I","Proyección de fragmentos o partículas",IF(D18="230-I","Atropellos o golpes con vehículos",IF(D18="250a-I","Otros riesgos de accidente a) inherentes a la manipulación de herramientas eléctricas",IF(D18="250b-I","Otros riesgos de accidente b) Inherentes a la manipulación de herramientas manuales",IF(D18="390","Otra exposición a) asfixia o intoxicación",IF(D18="160-I","Contactos Eléctricos",IF(D18="570","Organización del trabajo incorrecta",IF(D18="120-I","Atrapamiento por vuelco de máquinas",IF(D18="330","Ruido",IF(D18="340","Vibración",IF(D18="360","Radiaciones ionizantes",IF(D18="170","Exposición a sustancias nocivas",IF(D18="130","Sobreesfuerzos",IF(D18="380","Iluminación",IF(D18="330","Ruido",IF(D18="340","Vibración",IF(D18="360","Radiaciones ionizantes",IF(D18="170","Exposición a sustancias nocivas",IF(D18="130","Sobreesfuerzos",IF(D18="380","Iluminación")))))))))))))))))))))))))))))))))))))))))))) -> Iluminación | F18: =IF(D18="","",IF(D18="010-E","Riesgo de seguridad (Riesgo Mecánico)",IF(D18="020-E","Riesgo de seguridad (Riesgo Mecánico)",IF(D18="030-E","Riesgo de seguridad (Riesgo Mecánico)",IF(D18="040-E","Riesgo de seguridad (Riesgo Mecánico)",IF(D18="090-E","Riesgo de seguridad (Riesgo Mecánico)",IF(D18="110-E","Riesgo de seguridad (Riesgo Mecánico)",IF(D18="100-E","Riesgo de seguridad (Riesgo Mecánico)",IF(D18="230-E","Riesgo de seguridad (Riesgo Mecánico)",IF(D18="250a-E","Riesgo de seguridad (Riesgo Mecánico)",IF(D18="250b-E","Riesgo de seguridad (Riesgo Mecánico)",IF(D18="160-E","Riesgo de seguridad (Riesgo Eléctrico)",IF(D18="150a-E","Riesgo de seguridad (Riesgo Industrial Mayor)",IF(D18="150b-E","Riesgo de seguridad (Riesgo Industrial Mayor)",IF(D18="150c-E","Riesgo de seguridad (Riesgo Industrial Mayor)",IF(D18="570","Riesgo de seguridad (Riesgo Locativo)",IF(D18="120-I","Riesgo Mecánico",IF(D18="330","Riesgo Físico",IF(D18="340","Riesgo Físico",IF(D18="360","Riesgo Físico",IF(D18="170","Riesgo Químico",IF(D18="130","Riesgo Ergonómico",IF(D18="380","Riesgo Físico",IF(D18="010-I","Riesgo de seguridad (Riesgo Mecánico)",IF(D18="020-I","Riesgo de seguridad (Riesgo Mecánico)",IF(D18="030-I","Riesgo de seguridad (Riesgo Mecánico)",IF(D18="040-I","Riesgo de seguridad (Riesgo Mecánico)",IF(D18="090-I","Riesgo de seguridad (Riesgo Mecánico)",IF(D18="110-I","Riesgo de seguridad (Riesgo Mecánico)",IF(D18="100-I","Riesgo de seguridad (Riesgo Mecánico)",IF(D18="230-I","Riesgo de seguridad (Riesgo Mecánico)",IF(D18="250a-I","Riesgo de seguridad (Riesgo Mecánico)",IF(D18="250b-I","Riesgo de seguridad (Riesgo Mecánico)",IF(D18="160-I","Riesgo de seguridad (Riesgo Eléctrico)",IF(D18="590","Riesgo de seguridad (Riesgo Mecánico)"))))))))))))))))))))))))))))))))))) -> Riesgo Físico | G18: ='E-MT-RC-RF-I'!I12 -> 9.4736842 | H18: =IF(G18="","",IF(AND(G18<=10,G18>6),"MD",IF(AND(G18<=6,G18>2),"D",IF(AND(G18<=2,G18>0),"M",IF(G18=0,"B"))))) -> MD | I18: 2 | J18: =IF(I18=4,"EC",IF(I18=3,"EF",IF(I18=2,"EO",IF(I18=1,"EE","")))) -> EO | K18: =IF(I18="","",G18*I18) -> 18.947368 | L18: =IF(K18="","",IF(K18>=24,"MA",IF(AND(K18<24,K18>8),"A",IF(AND(K18<=8,K18>4),"M",IF(AND(K18<=4,K18>=0),"B"))))) -> A | M18: 25 | N18: =IF(M18="","",IF(M18=100,"M",IF(M18=60,"MG",IF(M18=25,"G",IF(M18=10,"L",""))))) -> G | O18: =IF(M18="","",ROUND(M18*K18,0)) -> 474 | P18: =IF(O18="","",IF(O18="","",IF(AND(O18<=4000,O18>500),"I",IF(AND(O18<=500,O18>120),"II",IF(AND(O18<=120,O18>20),"III",IF(O18<=20,"IV")))))) -> II | Q18: =IF(P18="","",IF(P18="I","Situación Crítica. Corrección urgente.",IF(P18="II","Corregir y adoptar medidas de control.",IF(P18="III","Mejorar si es posible. Sería conveniente justificar la intervención y su rentabilidad.",IF(P18="IV","No intervenir, salvo que un análisis más preciso lo justifique."))))) -> Corregir y adoptar medidas de control. | R18: =IF(M18=10,"Pequeñas lesiones que no requieren hospitalización.",IF(M18=25,"Lesiones con incapacidad laboral transitoria (I. L. T.).",IF(M18=60,"Lesiones graves que pueden ser irreparables.",IF(M18=100,"1 muerto o más.")))) -> Lesiones con incapacidad laboral transitoria (I. L. T.). | S18: Si
B19: Si | C19: =IF(D19="","",IF(D19="010-E","Trabajo en altura/ zonas con desnivel",IF(D19="020-E","Superficies irregulares u obstruidas",IF(D19="030-E","Estructuras inestables/ espacios confinados",IF(D19="040-E","Desprendimiento de objetos",IF(D19="090-E","Manipulación de máquinas/ herramientas",IF(D19="100-E","Operaciones de conformado",IF(D19="110-E","Objetos fijos o móviles",IF(D19="250a-E","Situaciones fortuitas",IF(D19="230-E","Colisión/ impacto vehicular",IF(D19="250b-E","Situaciones fortuitas",IF(D19="160-E","Energía eléctrica",IF(D19="150a-E","Fuentes de calor",IF(D19="150b-E","Fuentes de calor",IF(D19="150c-E","Fuentes de calor",IF(D19="570","Condiciones inadecuadas",IF(D19="120-I","Maquinaria pesada",IF(D19="330","Niveles sonoros",IF(D19="340","Movimientos oscilatorios",IF(D19="360","Fuentes emisoras de energía",IF(D19="170","Sustancias químicas",IF(D19="380","Niveles lumínicos",IF(D19="010-I","Trabajo en altura/ zonas con desnivel",IF(D19="020-I","Superficies irregulares u obstruidas",IF(D19="030-I","Estructuras inestables/ espacios confinados",IF(D19="040-I","Desprendimiento de objetos",IF(D19="090-I","Manipulación de máquinas/ herramientas",IF(D19="100-I","Operaciones de conformado",IF(D19="110-I","Objetos fijos o móviles",IF(D19="250a-I","Situaciones fortuitas",IF(D19="230-I","Colisión/ impacto vehicular",IF(D19="250b-I","Situaciones fortuitas",IF(D19="160-I","Energía eléctrica",IF(D19="390","Atmósferas contaminadas",IF(D19="130","Posturas forzadas/ manipulación manual de cargas"))))))))))))))))))))))))))))))))))) -> Condiciones inadecuadas | D19: 570 | E19: =IF(D19="","",IF(D19="010-E","Caída de personas a distinto nivel",IF(D19="020-E","Caída de personas al mismo nivel",IF(D19="030-E","Caída de objetos por desplome",IF(D19="040-E","Caída de objetos en manipulación",IF(D19="090-E","Golpes/cortes por objetos o herramientas",IF(D19="110-E","Atrapamiento por o entre objetos",IF(D19="100-E","Proyección de fragmentos o partículas",IF(D19="230-E","Atropellos o golpes con vehículos",IF(D19="250a-E","Otros riesgos de accidente a) inherentes a la manipulación de herramientas eléctricas",IF(D19="250b-E","Otros riesgos de accidente b) Inherentes a la manipulación de herramientas manuales",IF(D19="160-E","Contactos Eléctricos",IF(D19="150a-E","Contactos térmicos a) inherentes al trabajador",IF(D19="150b-E","Contactos térmicos b) inherentes a la manipulación de elementos estructurales",IF(D19="150c-E","Contactos térmicos c) inherentes al proceso de soldadura",IF(D19="570","Organización del trabajo incorrecta",IF(D19="120-I","Atrapamiento por vuelco de máquinas",IF(D19="","",IF(D19="010-I","Caída de personas a distinto nivel",IF(D19="020-I","Caída de personas al mismo nivel",IF(D19="030-I","Caída de objetos por desplome",IF(D19="040-I","Caída de objetos en manipulación",IF(D19="090-I","Golpes/cortes por objetos o herramientas",IF(D19="110-I","Atrapamiento por o entre objetos",IF(D19="100-I","Proyección de fragmentos o partículas",IF(D19="230-I","Atropellos o golpes con vehículos",IF(D19="250a-I","Otros riesgos de accidente a) inherentes a la manipulación de herramientas eléctricas",IF(D19="250b-I","Otros riesgos de accidente b) Inherentes a la manipulación de herramientas manuales",IF(D19="390","Otra exposición a) asfixia o intoxicación",IF(D19="160-I","Contactos Eléctricos",IF(D19="570","Organización del trabajo incorrecta",IF(D19="120-I","Atrapamiento por vuelco de máquinas",IF(D19="330","Ruido",IF(D19="340","Vibración",IF(D19="360","Radiaciones ionizantes",IF(D19="170","Exposición a sustancias nocivas",IF(D19="130","Sobreesfuerzos",IF(D19="380","Iluminación",IF(D19="330","Ruido",IF(D19="340","Vibración",IF(D19="360","Radiaciones ionizantes",IF(D19="170","Exposición a sustancias nocivas",IF(D19="130","Sobreesfuerzos",IF(D19="380","Iluminación")))))))))))))))))))))))))))))))))))))))))))) -> Organización del trabajo incorrecta | F19: =IF(D19="","",IF(D19="010-E","Riesgo de seguridad (Riesgo Mecánico)",IF(D19="020-E","Riesgo de seguridad (Riesgo Mecánico)",IF(D19="030-E","Riesgo de seguridad (Riesgo Mecánico)",IF(D19="040-E","Riesgo de seguridad (Riesgo Mecánico)",IF(D19="090-E","Riesgo de seguridad (Riesgo Mecánico)",IF(D19="110-E","Riesgo de seguridad (Riesgo Mecánico)",IF(D19="100-E","Riesgo de seguridad (Riesgo Mecánico)",IF(D19="230-E","Riesgo de seguridad (Riesgo Mecánico)",IF(D19="250a-E","Riesgo de seguridad (Riesgo Mecánico)",IF(D19="250b-E","Riesgo de seguridad (Riesgo Mecánico)",IF(D19="160-E","Riesgo de seguridad (Riesgo Eléctrico)",IF(D19="150a-E","Riesgo de seguridad (Riesgo Industrial Mayor)",IF(D19="150b-E","Riesgo de seguridad (Riesgo Industrial Mayor)",IF(D19="150c-E","Riesgo de seguridad (Riesgo Industrial Mayor)",IF(D19="570","Riesgo de seguridad (Riesgo Locativo)",IF(D19="120-I","Riesgo Mecánico",IF(D19="330","Riesgo Físico",IF(D19="340","Riesgo Físico",IF(D19="360","Riesgo Físico",IF(D19="170","Riesgo Químico",IF(D19="130","Riesgo Ergonómico",IF(D19="380","Riesgo Físico",IF(D19="010-I","Riesgo de seguridad (Riesgo Mecánico)",IF(D19="020-I","Riesgo de seguridad (Riesgo Mecánico)",IF(D19="030-I","Riesgo de seguridad (Riesgo Mecánico)",IF(D19="040-I","Riesgo de seguridad (Riesgo Mecánico)",IF(D19="090-I","Riesgo de seguridad (Riesgo Mecánico)",IF(D19="110-I","Riesgo de seguridad (Riesgo Mecánico)",IF(D19="100-I","Riesgo de seguridad (Riesgo Mecánico)",IF(D19="230-I","Riesgo de seguridad (Riesgo Mecánico)",IF(D19="250a-I","Riesgo de seguridad (Riesgo Mecánico)",IF(D19="250b-I","Riesgo de seguridad (Riesgo Mecánico)",IF(D19="160-I","Riesgo de seguridad (Riesgo Eléctrico)",IF(D19="590","Riesgo de seguridad (Riesgo Mecánico)"))))))))))))))))))))))))))))))))))) -> Riesgo de seguridad (Riesgo Locativo) | G19: ='E-MT-RL-OI'!J14 -> 10 | H19: =IF(G19="","",IF(AND(G19<=10,G19>6),"MD",IF(AND(G19<=6,G19>2),"D",IF(AND(G19<=2,G19>0),"M",IF(G19=0,"B"))))) -> MD | I19: 3 | J19: =IF(I19=4,"EC",IF(I19=3,"EF",IF(I19=2,"EO",IF(I19=1,"EE","")))) -> EF | K19: =IF(I19="","",G19*I19) -> 30 | L19: =IF(K19="","",IF(K19>=24,"MA",IF(AND(K19<24,K19>8),"A",IF(AND(K19<=8,K19>4),"M",IF(AND(K19<=4,K19>=0),"B"))))) -> MA | M19: 25 | N19: =IF(M19="","",IF(M19=100,"M",IF(M19=60,"MG",IF(M19=25,"G",IF(M19=10,"L",""))))) -> G | O19: =IF(M19="","",ROUND(M19*K19,0)) -> 750 | P19: =IF(O19="","",IF(O19="","",IF(AND(O19<=4000,O19>500),"I",IF(AND(O19<=500,O19>120),"II",IF(AND(O19<=120,O19>20),"III",IF(O19<=20,"IV")))))) -> I | Q19: =IF(P19="","",IF(P19="I","Situación Crítica. Corrección urgente.",IF(P19="II","Corregir y adoptar medidas de control.",IF(P19="III","Mejorar si es posible. Sería conveniente justificar la intervención y su rentabilidad.",IF(P19="IV","No intervenir, salvo que un análisis más preciso lo justifique."))))) -> Situación Crítica. Corrección urgente. | R19: =IF(M19=10,"Pequeñas lesiones que no requieren hospitalización.",IF(M19=25,"Lesiones con incapacidad laboral transitoria (I. L. T.).",IF(M19=60,"Lesiones graves que pueden ser irreparables.",IF(M19=100,"1 muerto o más.")))) -> Lesiones con incapacidad laboral transitoria (I. L. T.). | S19: Si
B20: Si | C20: =IF(D20="","",IF(D20="010-E","Trabajo en altura/ zonas con desnivel",IF(D20="020-E","Superficies irregulares u obstruidas",IF(D20="030-E","Estructuras inestables/ espacios confinados",IF(D20="040-E","Desprendimiento de objetos",IF(D20="090-E","Manipulación de máquinas/ herramientas",IF(D20="100-E","Operaciones de conformado",IF(D20="110-E","Objetos fijos o móviles",IF(D20="250a-E","Situaciones fortuitas",IF(D20="230-E","Colisión/ impacto vehicular",IF(D20="250b-E","Situaciones fortuitas",IF(D20="160-E","Energía eléctrica",IF(D20="150a-E","Fuentes de calor",IF(D20="150b-E","Fuentes de calor",IF(D20="150c-E","Fuentes de calor",IF(D20="570","Condiciones inadecuadas",IF(D20="120-I","Maquinaria pesada",IF(D20="330","Niveles sonoros",IF(D20="340","Movimientos oscilatorios",IF(D20="360","Fuentes emisoras de energía",IF(D20="170","Sustancias químicas",IF(D20="380","Niveles lumínicos",IF(D20="010-I","Trabajo en altura/ zonas con desnivel",IF(D20="020-I","Superficies irregulares u obstruidas",IF(D20="030-I","Estructuras inestables/ espacios confinados",IF(D20="040-I","Desprendimiento de objetos",IF(D20="090-I","Manipulación de máquinas/ herramientas",IF(D20="100-I","Operaciones de conformado",IF(D20="110-I","Objetos fijos o móviles",IF(D20="250a-I","Situaciones fortuitas",IF(D20="230-I","Colisión/ impacto vehicular",IF(D20="250b-I","Situaciones fortuitas",IF(D20="160-I","Energía eléctrica",IF(D20="390","Atmósferas contaminadas",IF(D20="130","Posturas forzadas/ manipulación manual de cargas"))))))))))))))))))))))))))))))))))) -> Trabajo en altura/ zonas con desnivel | D20: 010-E | E20: =IF(D20="","",IF(D20="010-E","Caída de personas a distinto nivel",IF(D20="020-E","Caída de personas al mismo nivel",IF(D20="030-E","Caída de objetos por desplome",IF(D20="040-E","Caída de objetos en manipulación",IF(D20="090-E","Golpes/cortes por objetos o herramientas",IF(D20="110-E","Atrapamiento por o entre objetos",IF(D20="100-E","Proyección de fragmentos o partículas",IF(D20="230-E","Atropellos o golpes con vehículos",IF(D20="250a-E","Otros riesgos de accidente a) inherentes a la manipulación de herramientas eléctricas",IF(D20="250b-E","Otros riesgos de accidente b) Inherentes a la manipulación de herramientas manuales",IF(D20="160-E","Contactos Eléctricos",IF(D20="150a-E","Contactos térmicos a) inherentes al trabajador",IF(D20="150b-E","Contactos térmicos b) inherentes a la manipulación de elementos estructurales",IF(D20="150c-E","Contactos térmicos c) inherentes al proceso de soldadura",IF(D20="570","Organización del trabajo incorrecta",IF(D20="120-I","Atrapamiento por vuelco de máquinas",IF(D20="","",IF(D20="010-I","Caída de personas a distinto nivel",IF(D20="020-I","Caída de personas al mismo nivel",IF(D20="030-I","Caída de objetos por desplome",IF(D20="040-I","Caída de objetos en manipulación",IF(D20="090-I","Golpes/cortes por objetos o herramientas",IF(D20="110-I","Atrapamiento por o entre objetos",IF(D20="100-I","Proyección de fragmentos o partículas",IF(D20="230-I","Atropellos o golpes con vehículos",IF(D20="250a-I","Otros riesgos de accidente a) inherentes a la manipulación de herramientas eléctricas",IF(D20="250b-I","Otros riesgos de accidente b) Inherentes a la manipulación de herramientas manuales",IF(D20="390","Otra exposición a) asfixia o intoxicación",IF(D20="160-I","Contactos Eléctricos",IF(D20="570","Organización del trabajo incorrecta",IF(D20="120-I","Atrapamiento por vuelco de máquinas",IF(D20="330","Ruido",IF(D20="340","Vibración",IF(D20="360","Radiaciones ionizantes",IF(D20="170","Exposición a sustancias nocivas",IF(D20="130","Sobreesfuerzos",IF(D20="380","Iluminación",IF(D20="330","Ruido",IF(D20="340","Vibración",IF(D20="360","Radiaciones ionizantes",IF(D20="170","Exposición a sustancias nocivas",IF(D20="130","Sobreesfuerzos",IF(D20="380","Iluminación")))))))))))))))))))))))))))))))))))))))))))) -> Caída de personas a distinto nivel | F20: =IF(D20="","",IF(D20="010-E","Riesgo de seguridad (Riesgo Mecánico)",IF(D20="020-E","Riesgo de seguridad (Riesgo Mecánico)",IF(D20="030-E","Riesgo de seguridad (Riesgo Mecánico)",IF(D20="040-E","Riesgo de seguridad (Riesgo Mecánico)",IF(D20="090-E","Riesgo de seguridad (Riesgo Mecánico)",IF(D20="110-E","Riesgo de seguridad (Riesgo Mecánico)",IF(D20="100-E","Riesgo de seguridad (Riesgo Mecánico)",IF(D20="230-E","Riesgo de seguridad (Riesgo Mecánico)",IF(D20="250a-E","Riesgo de seguridad (Riesgo Mecánico)",IF(D20="250b-E","Riesgo de seguridad (Riesgo Mecánico)",IF(D20="160-E","Riesgo de seguridad (Riesgo Eléctrico)",IF(D20="150a-E","Riesgo de seguridad (Riesgo Industrial Mayor)",IF(D20="150b-E","Riesgo de seguridad (Riesgo Industrial Mayor)",IF(D20="150c-E","Riesgo de seguridad (Riesgo Industrial Mayor)",IF(D20="570","Riesgo de seguridad (Riesgo Locativo)",IF(D20="120-I","Riesgo Mecánico",IF(D20="330","Riesgo Físico",IF(D20="340","Riesgo Físico",IF(D20="360","Riesgo Físico",IF(D20="170","Riesgo Químico",IF(D20="130","Riesgo Ergonómico",IF(D20="380","Riesgo Físico",IF(D20="010-I","Riesgo de seguridad (Riesgo Mecánico)",IF(D20="020-I","Riesgo de seguridad (Riesgo Mecánico)",IF(D20="030-I","Riesgo de seguridad (Riesgo Mecánico)",IF(D20="040-I","Riesgo de seguridad (Riesgo Mecánico)",IF(D20="090-I","Riesgo de seguridad (Riesgo Mecánico)",IF(D20="110-I","Riesgo de seguridad (Riesgo Mecánico)",IF(D20="100-I","Riesgo de seguridad (Riesgo Mecánico)",IF(D20="230-I","Riesgo de seguridad (Riesgo Mecánico)",IF(D20="250a-I","Riesgo de seguridad (Riesgo Mecánico)",IF(D20="250b-I","Riesgo de seguridad (Riesgo Mecánico)",IF(D20="160-I","Riesgo de seguridad (Riesgo Eléctrico)",IF(D20="590","Riesgo de seguridad (Riesgo Mecánico)"))))))))))))))))))))))))))))))))))) -> Riesgo de seguridad (Riesgo Mecánico) | G20: ='E-MT-RM-CDN'!J20 -> 7.3584906 | H20: =IF(G20="","",IF(AND(G20<=10,G20>6),"MD",IF(AND(G20<=6,G20>2),"D",IF(AND(G20<=2,G20>0),"M",IF(G20=0,"B"))))) -> MD | I20: 3 | J20: =IF(I20=4,"EC",IF(I20=3,"EF",IF(I20=2,"EO",IF(I20=1,"EE","")))) -> EF | K20: =IF(I20="","",G20*I20) -> 22.075472 | L20: =IF(K20="","",IF(K20>=24,"MA",IF(AND(K20<24,K20>8),"A",IF(AND(K20<=8,K20>4),"M",IF(AND(K20<=4,K20>=0),"B"))))) -> A | M20: 100 | N20: =IF(M20="","",IF(M20=100,"M",IF(M20=60,"MG",IF(M20=25,"G",IF(M20=10,"L",""))))) -> M | O20: =IF(M20="","",ROUND(M20*K20,0)) -> 2208 | P20: =IF(O20="","",IF(O20="","",IF(AND(O20<=4000,O20>500),"I",IF(AND(O20<=500,O20>120),"II",IF(AND(O20<=120,O20>20),"III",IF(O20<=20,"IV")))))) -> I | Q20: =IF(P20="","",IF(P20="I","Situación Crítica. Corrección urgente.",IF(P20="II","Corregir y adoptar medidas de control.",IF(P20="III","Mejorar si es posible. Sería conveniente justificar la intervención y su rentabilidad.",IF(P20="IV","No intervenir, salvo que un análisis más preciso lo justifique."))))) -> Situación Crítica. Corrección urgente. | R20: =IF(M20=10,"Pequeñas lesiones que no requieren hospitalización.",IF(M20=25,"Lesiones con incapacidad laboral transitoria (I. L. T.).",IF(M20=60,"Lesiones graves que pueden ser irreparables.",IF(M20=100,"1 muerto o más.")))) -> 1 muerto o más. | S20: Si
B21: Si | C21: =IF(D21="","",IF(D21="010-E","Trabajo en altura/ zonas con desnivel",IF(D21="020-E","Superficies irregulares u obstruidas",IF(D21="030-E","Estructuras inestables/ espacios confinados",IF(D21="040-E","Desprendimiento de objetos",IF(D21="090-E","Manipulación de máquinas/ herramientas",IF(D21="100-E","Operaciones de conformado",IF(D21="110-E","Objetos fijos o móviles",IF(D21="250a-E","Situaciones fortuitas",IF(D21="230-E","Colisión/ impacto vehicular",IF(D21="250b-E","Situaciones fortuitas",IF(D21="160-E","Energía eléctrica",IF(D21="150a-E","Fuentes de calor",IF(D21="150b-E","Fuentes de calor",IF(D21="150c-E","Fuentes de calor",IF(D21="570","Condiciones inadecuadas",IF(D21="120-I","Maquinaria pesada",IF(D21="330","Niveles sonoros",IF(D21="340","Movimientos oscilatorios",IF(D21="360","Fuentes emisoras de energía",IF(D21="170","Sustancias químicas",IF(D21="380","Niveles lumínicos",IF(D21="010-I","Trabajo en altura/ zonas con desnivel",IF(D21="020-I","Superficies irregulares u obstruidas",IF(D21="030-I","Estructuras inestables/ espacios confinados",IF(D21="040-I","Desprendimiento de objetos",IF(D21="090-I","Manipulación de máquinas/ herramientas",IF(D21="100-I","Operaciones de conformado",IF(D21="110-I","Objetos fijos o móviles",IF(D21="250a-I","Situaciones fortuitas",IF(D21="230-I","Colisión/ impacto vehicular",IF(D21="250b-I","Situaciones fortuitas",IF(D21="160-I","Energía eléctrica",IF(D21="390","Atmósferas contaminadas",IF(D21="130","Posturas forzadas/ manipulación manual de cargas"))))))))))))))))))))))))))))))))))) -> Superficies irregulares u obstruidas | D21: 020-E | E21: =IF(D21="","",IF(D21="010-E","Caída de personas a distinto nivel",IF(D21="020-E","Caída de personas al mismo nivel",IF(D21="030-E","Caída de objetos por desplome",IF(D21="040-E","Caída de objetos en manipulación",IF(D21="090-E","Golpes/cortes por objetos o herramientas",IF(D21="110-E","Atrapamiento por o entre objetos",IF(D21="100-E","Proyección de fragmentos o partículas",IF(D21="230-E","Atropellos o golpes con vehículos",IF(D21="250a-E","Otros riesgos de accidente a) inherentes a la manipulación de herramientas eléctricas",IF(D21="250b-E","Otros riesgos de accidente b) Inherentes a la manipulación de herramientas manuales",IF(D21="160-E","Contactos Eléctricos",IF(D21="150a-E","Contactos térmicos a) inherentes al trabajador",IF(D21="150b-E","Contactos térmicos b) inherentes a la manipulación de elementos estructurales",IF(D21="150c-E","Contactos térmicos c) inherentes al proceso de soldadura",IF(D21="570","Organización del trabajo incorrecta",IF(D21="120-I","Atrapamiento por vuelco de máquinas",IF(D21="","",IF(D21="010-I","Caída de personas a distinto nivel",IF(D21="020-I","Caída de personas al mismo nivel",IF(D21="030-I","Caída de objetos por desplome",IF(D21="040-I","Caída de objetos en manipulación",IF(D21="090-I","Golpes/cortes por objetos o herramientas",IF(D21="110-I","Atrapamiento por o entre objetos",IF(D21="100-I","Proyección de fragmentos o partículas",IF(D21="230-I","Atropellos o golpes con vehículos",IF(D21="250a-I","Otros riesgos de accidente a) inherentes a la manipulación de herramientas eléctricas",IF(D21="250b-I","Otros riesgos de accidente b) Inherentes a la manipulación de herramientas manuales",IF(D21="390","Otra exposición a) asfixia o intoxicación",IF(D21="160-I","Contactos Eléctricos",IF(D21="570","Organización del trabajo incorrecta",IF(D21="120-I","Atrapamiento por vuelco de máquinas",IF(D21="330","Ruido",IF(D21="340","Vibración",IF(D21="360","Radiaciones ionizantes",IF(D21="170","Exposición a sustancias nocivas",IF(D21="130","Sobreesfuerzos",IF(D21="380","Iluminación",IF(D21="330","Ruido",IF(D21="340","Vibración",IF(D21="360","Radiaciones ionizantes",IF(D21="170","Exposición a sustancias nocivas",IF(D21="130","Sobreesfuerzos",IF(D21="380","Iluminación")))))))))))))))))))))))))))))))))))))))))))) -> Caída de personas al mismo nivel | F21: =IF(D21="","",IF(D21="010-E","Riesgo de seguridad (Riesgo Mecánico)",IF(D21="020-E","Riesgo de seguridad (Riesgo Mecánico)",IF(D21="030-E","Riesgo de seguridad (Riesgo Mecánico)",IF(D21="040-E","Riesgo de seguridad (Riesgo Mecánico)",IF(D21="090-E","Riesgo de seguridad (Riesgo Mecánico)",IF(D21="110-E","Riesgo de seguridad (Riesgo Mecánico)",IF(D21="100-E","Riesgo de seguridad (Riesgo Mecánico)",IF(D21="230-E","Riesgo de seguridad (Riesgo Mecánico)",IF(D21="250a-E","Riesgo de seguridad (Riesgo Mecánico)",IF(D21="250b-E","Riesgo de seguridad (Riesgo Mecánico)",IF(D21="160-E","Riesgo de seguridad (Riesgo Eléctrico)",IF(D21="150a-E","Riesgo de seguridad (Riesgo Industrial Mayor)",IF(D21="150b-E","Riesgo de seguridad (Riesgo Industrial Mayor)",IF(D21="150c-E","Riesgo de seguridad (Riesgo Industrial Mayor)",IF(D21="570","Riesgo de seguridad (Riesgo Locativo)",IF(D21="120-I","Riesgo Mecánico",IF(D21="330","Riesgo Físico",IF(D21="340","Riesgo Físico",IF(D21="360","Riesgo Físico",IF(D21="170","Riesgo Químico",IF(D21="130","Riesgo Ergonómico",IF(D21="380","Riesgo Físico",IF(D21="010-I","Riesgo de seguridad (Riesgo Mecánico)",IF(D21="020-I","Riesgo de seguridad (Riesgo Mecánico)",IF(D21="030-I","Riesgo de seguridad (Riesgo Mecánico)",IF(D21="040-I","Riesgo de seguridad (Riesgo Mecánico)",IF(D21="090-I","Riesgo de seguridad (Riesgo Mecánico)",IF(D21="110-I","Riesgo de seguridad (Riesgo Mecánico)",IF(D21="100-I","Riesgo de seguridad (Riesgo Mecánico)",IF(D21="230-I","Riesgo de seguridad (Riesgo Mecánico)",IF(D21="250a-I","Riesgo de seguridad (Riesgo Mecánico)",IF(D21="250b-I","Riesgo de seguridad (Riesgo Mecánico)",IF(D21="160-I","Riesgo de seguridad (Riesgo Eléctrico)",IF(D21="590","Riesgo de seguridad (Riesgo Mecánico)"))))))))))))))))))))))))))))))))))) -> Riesgo de seguridad (Riesgo Mecánico) | G21: ='E-MT-RM-CMN'!J15 -> 8.8461538 | H21: =IF(G21="","",IF(AND(G21<=10,G21>6),"MD",IF(AND(G21<=6,G21>2),"D",IF(AND(G21<=2,G21>0),"M",IF(G21=0,"B"))))) -> MD | I21: 2 | J21: =IF(I21=4,"EC",IF(I21=3,"EF",IF(I21=2,"EO",IF(I21=1,"EE","")))) -> EO | K21: =IF(I21="","",G21*I21) -> 17.692308 | L21: =IF(K21="","",IF(K21>=24,"MA",IF(AND(K21<24,K21>8),"A",IF(AND(K21<=8,K21>4),"M",IF(AND(K21<=4,K21>=0),"B"))))) -> A | M21: 60 | N21: =IF(M21="","",IF(M21=100,"M",IF(M21=60,"MG",IF(M21=25,"G",IF(M21=10,"L",""))))) -> MG | O21: =IF(M21="","",ROUND(M21*K21,0)) -> 1062 | P21: =IF(O21="","",IF(O21="","",IF(AND(O21<=4000,O21>500),"I",IF(AND(O21<=500,O21>120),"II",IF(AND(O21<=120,O21>20),"III",IF(O21<=20,"IV")))))) -> I | Q21: =IF(P21="","",IF(P21="I","Situación Crítica. Corrección urgente.",IF(P21="II","Corregir y adoptar medidas de control.",IF(P21="III","Mejorar si es posible. Sería conveniente justificar la intervención y su rentabilidad.",IF(P21="IV","No intervenir, salvo que un análisis más preciso lo justifique."))))) -> Situación Crítica. Corrección urgente. | R21: =IF(M21=10,"Pequeñas lesiones que no requieren hospitalización.",IF(M21=25,"Lesiones con incapacidad laboral transitoria (I. L. T.).",IF(M21=60,"Lesiones graves que pueden ser irreparables.",IF(M21=100,"1 muerto o más.")))) -> Lesiones graves que pueden ser irreparables. | S21: Si
B22: Si | C22: =IF(D22="","",IF(D22="010-E","Trabajo en altura/ zonas con desnivel",IF(D22="020-E","Superficies irregulares u obstruidas",IF(D22="030-E","Estructuras inestables/ espacios confinados",IF(D22="040-E","Desprendimiento de objetos",IF(D22="090-E","Manipulación de máquinas/ herramientas",IF(D22="100-E","Operaciones de conformado",IF(D22="110-E","Objetos fijos o móviles",IF(D22="250a-E","Situaciones fortuitas",IF(D22="230-E","Colisión/ impacto vehicular",IF(D22="250b-E","Situaciones fortuitas",IF(D22="160-E","Energía eléctrica",IF(D22="150a-E","Fuentes de calor",IF(D22="150b-E","Fuentes de calor",IF(D22="150c-E","Fuentes de calor",IF(D22="570","Condiciones inadecuadas",IF(D22="120-I","Maquinaria pesada",IF(D22="330","Niveles sonoros",IF(D22="340","Movimientos oscilatorios",IF(D22="360","Fuentes emisoras de energía",IF(D22="170","Sustancias químicas",IF(D22="380","Niveles lumínicos",IF(D22="010-I","Trabajo en altura/ zonas con desnivel",IF(D22="020-I","Superficies irregulares u obstruidas",IF(D22="030-I","Estructuras inestables/ espacios confinados",IF(D22="040-I","Desprendimiento de objetos",IF(D22="090-I","Manipulación de máquinas/ herramientas",IF(D22="100-I","Operaciones de conformado",IF(D22="110-I","Objetos fijos o móviles",IF(D22="250a-I","Situaciones fortuitas",IF(D22="230-I","Colisión/ impacto vehicular",IF(D22="250b-I","Situaciones fortuitas",IF(D22="160-I","Energía eléctrica",IF(D22="390","Atmósferas contaminadas",IF(D22="130","Posturas forzadas/ manipulación manual de cargas"))))))))))))))))))))))))))))))))))) -> Estructuras inestables/ espacios confinados | D22: 030-E | E22: =IF(D22="","",IF(D22="010-E","Caída de personas a distinto nivel",IF(D22="020-E","Caída de personas al mismo nivel",IF(D22="030-E","Caída de objetos por desplome",IF(D22="040-E","Caída de objetos en manipulación",IF(D22="090-E","Golpes/cortes por objetos o herramientas",IF(D22="110-E","Atrapamiento por o entre objetos",IF(D22="100-E","Proyección de fragmentos o partículas",IF(D22="230-E","Atropellos o golpes con vehículos",IF(D22="250a-E","Otros riesgos de accidente a) inherentes a la manipulación de herramientas eléctricas",IF(D22="250b-E","Otros riesgos de accidente b) Inherentes a la manipulación de herramientas manuales",IF(D22="160-E","Contactos Eléctricos",IF(D22="150a-E","Contactos térmicos a) inherentes al trabajador",IF(D22="150b-E","Contactos térmicos b) inherentes a la manipulación de elementos estructurales",IF(D22="150c-E","Contactos térmicos c) inherentes al proceso de soldadura",IF(D22="570","Organización del trabajo incorrecta",IF(D22="120-I","Atrapamiento por vuelco de máquinas",IF(D22="","",IF(D22="010-I","Caída de personas a distinto nivel",IF(D22="020-I","Caída de personas al mismo nivel",IF(D22="030-I","Caída de objetos por desplome",IF(D22="040-I","Caída de objetos en manipulación",IF(D22="090-I","Golpes/cortes por objetos o herramientas",IF(D22="110-I","Atrapamiento por o entre objetos",IF(D22="100-I","Proyección de fragmentos o partículas",IF(D22="230-I","Atropellos o golpes con vehículos",IF(D22="250a-I","Otros riesgos de accidente a) inherentes a la manipulación de herramientas eléctricas",IF(D22="250b-I","Otros riesgos de accidente b) Inherentes a la manipulación de herramientas manuales",IF(D22="390","Otra exposición a) asfixia o intoxicación",IF(D22="160-I","Contactos Eléctricos",IF(D22="570","Organización del trabajo incorrecta",IF(D22="120-I","Atrapamiento por vuelco de máquinas",IF(D22="330","Ruido",IF(D22="340","Vibración",IF(D22="360","Radiaciones ionizantes",IF(D22="170","Exposición a sustancias nocivas",IF(D22="130","Sobreesfuerzos",IF(D22="380","Iluminación",IF(D22="330","Ruido",IF(D22="340","Vibración",IF(D22="360","Radiaciones ionizantes",IF(D22="170","Exposición a sustancias nocivas",IF(D22="130","Sobreesfuerzos",IF(D22="380","Iluminación")))))))))))))))))))))))))))))))))))))))))))) -> Caída de objetos por desplome | F22: =IF(D22="","",IF(D22="010-E","Riesgo de seguridad (Riesgo Mecánico)",IF(D22="020-E","Riesgo de seguridad (Riesgo Mecánico)",IF(D22="030-E","Riesgo de seguridad (Riesgo Mecánico)",IF(D22="040-E","Riesgo de seguridad (Riesgo Mecánico)",IF(D22="090-E","Riesgo de seguridad (Riesgo Mecánico)",IF(D22="110-E","Riesgo de seguridad (Riesgo Mecánico)",IF(D22="100-E","Riesgo de seguridad (Riesgo Mecánico)",IF(D22="230-E","Riesgo de seguridad (Riesgo Mecánico)",IF(D22="250a-E","Riesgo de seguridad (Riesgo Mecánico)",IF(D22="250b-E","Riesgo de seguridad (Riesgo Mecánico)",IF(D22="160-E","Riesgo de seguridad (Riesgo Eléctrico)",IF(D22="150a-E","Riesgo de seguridad (Riesgo Industrial Mayor)",IF(D22="150b-E","Riesgo de seguridad (Riesgo Industrial Mayor)",IF(D22="150c-E","Riesgo de seguridad (Riesgo Industrial Mayor)",IF(D22="570","Riesgo de seguridad (Riesgo Locativo)",IF(D22="120-I","Riesgo Mecánico",IF(D22="330","Riesgo Físico",IF(D22="340","Riesgo Físico",IF(D22="360","Riesgo Físico",IF(D22="170","Riesgo Químico",IF(D22="130","Riesgo Ergonómico",IF(D22="380","Riesgo Físico",IF(D22="010-I","Riesgo de seguridad (Riesgo Mecánico)",IF(D22="020-I","Riesgo de seguridad (Riesgo Mecánico)",IF(D22="030-I","Riesgo de seguridad (Riesgo Mecánico)",IF(D22="040-I","Riesgo de seguridad (Riesgo Mecánico)",IF(D22="090-I","Riesgo de seguridad (Riesgo Mecánico)",IF(D22="110-I","Riesgo de seguridad (Riesgo Mecánico)",IF(D22="100-I","Riesgo de seguridad (Riesgo Mecánico)",IF(D22="230-I","Riesgo de seguridad (Riesgo Mecánico)",IF(D22="250a-I","Riesgo de seguridad (Riesgo Mecánico)",IF(D22="250b-I","Riesgo de seguridad (Riesgo Mecánico)",IF(D22="160-I","Riesgo de seguridad (Riesgo Eléctrico)",IF(D22="590","Riesgo de seguridad (Riesgo Mecánico)"))))))))))))))))))))))))))))))))))) -> Riesgo de seguridad (Riesgo Mecánico) | G22: ='E-MT-RM-COD'!J17 -> 7.2916667 | H22: =IF(G22="","",IF(AND(G22<=10,G22>6),"MD",IF(AND(G22<=6,G22>2),"D",IF(AND(G22<=2,G22>0),"M",IF(G22=0,"B"))))) -> MD | I22: 4 | J22: =IF(I22=4,"EC",IF(I22=3,"EF",IF(I22=2,"EO",IF(I22=1,"EE","")))) -> EC | K22: =IF(I22="","",G22*I22) -> 29.166667 | L22: =IF(K22="","",IF(K22>=24,"MA",IF(AND(K22<24,K22>8),"A",IF(AND(K22<=8,K22>4),"M",IF(AND(K22<=4,K22>=0),"B"))))) -> MA | M22: 60 | N22: =IF(M22="","",IF(M22=100,"M",IF(M22=60,"MG",IF(M22=25,"G",IF(M22=10,"L",""))))) -> MG | O22: =IF(M22="","",ROUND(M22*K22,0)) -> 1750 | P22: =IF(O22="","",IF(O22="","",IF(AND(O22<=4000,O22>500),"I",IF(AND(O22<=500,O22>120),"II",IF(AND(O22<=120,O22>20),"III",IF(O22<=20,"IV")))))) -> I | Q22: =IF(P22="","",IF(P22="I","Situación Crítica. Corrección urgente.",IF(P22="II","Corregir y adoptar medidas de control.",IF(P22="III","Mejorar si es posible. Sería conveniente justificar la intervención y su rentabilidad.",IF(P22="IV","No intervenir, salvo que un análisis más preciso lo justifique."))))) -> Situación Crítica. Corrección urgente. | R22: =IF(M22=10,"Pequeñas lesiones que no requieren hospitalización.",IF(M22=25,"Lesiones con incapacidad laboral transitoria (I. L. T.).",IF(M22=60,"Lesiones graves que pueden ser irreparables.",IF(M22=100,"1 muerto o más.")))) -> Lesiones graves que pueden ser irreparables. | S22: Si
B23: Si | C23: =IF(D23="","",IF(D23="010-E","Trabajo en altura/ zonas con desnivel",IF(D23="020-E","Superficies irregulares u obstruidas",IF(D23="030-E","Estructuras inestables/ espacios confinados",IF(D23="040-E","Desprendimiento de objetos",IF(D23="090-E","Manipulación de máquinas/ herramientas",IF(D23="100-E","Operaciones de conformado",IF(D23="110-E","Objetos fijos o móviles",IF(D23="250a-E","Situaciones fortuitas",IF(D23="230-E","Colisión/ impacto vehicular",IF(D23="250b-E","Situaciones fortuitas",IF(D23="160-E","Energía eléctrica",IF(D23="150a-E","Fuentes de calor",IF(D23="150b-E","Fuentes de calor",IF(D23="150c-E","Fuentes de calor",IF(D23="570","Condiciones inadecuadas",IF(D23="120-I","Maquinaria pesada",IF(D23="330","Niveles sonoros",IF(D23="340","Movimientos oscilatorios",IF(D23="360","Fuentes emisoras de energía",IF(D23="170","Sustancias químicas",IF(D23="380","Niveles lumínicos",IF(D23="010-I","Trabajo en altura/ zonas con desnivel",IF(D23="020-I","Superficies irregulares u obstruidas",IF(D23="030-I","Estructuras inestables/ espacios confinados",IF(D23="040-I","Desprendimiento de objetos",IF(D23="090-I","Manipulación de máquinas/ herramientas",IF(D23="100-I","Operaciones de conformado",IF(D23="110-I","Objetos fijos o móviles",IF(D23="250a-I","Situaciones fortuitas",IF(D23="230-I","Colisión/ impacto vehicular",IF(D23="250b-I","Situaciones fortuitas",IF(D23="160-I","Energía eléctrica",IF(D23="390","Atmósferas contaminadas",IF(D23="130","Posturas forzadas/ manipulación manual de cargas"))))))))))))))))))))))))))))))))))) -> Desprendimiento de objetos | D23: 040-E | E23: =IF(D23="","",IF(D23="010-E","Caída de personas a distinto nivel",IF(D23="020-E","Caída de personas al mismo nivel",IF(D23="030-E","Caída de objetos por desplome",IF(D23="040-E","Caída de objetos en manipulación",IF(D23="090-E","Golpes/cortes por objetos o herramientas",IF(D23="110-E","Atrapamiento por o entre objetos",IF(D23="100-E","Proyección de fragmentos o partículas",IF(D23="230-E","Atropellos o golpes con vehículos",IF(D23="250a-E","Otros riesgos de accidente a) inherentes a la manipulación de herramientas eléctricas",IF(D23="250b-E","Otros riesgos de accidente b) Inherentes a la manipulación de herramientas manuales",IF(D23="160-E","Contactos Eléctricos",IF(D23="150a-E","Contactos térmicos a) inherentes al trabajador",IF(D23="150b-E","Contactos térmicos b) inherentes a la manipulación de elementos estructurales",IF(D23="150c-E","Contactos térmicos c) inherentes al proceso de soldadura",IF(D23="570","Organización del trabajo incorrecta",IF(D23="120-I","Atrapamiento por vuelco de máquinas",IF(D23="","",IF(D23="010-I","Caída de personas a distinto nivel",IF(D23="020-I","Caída de personas al mismo nivel",IF(D23="030-I","Caída de objetos por desplome",IF(D23="040-I","Caída de objetos en manipulación",IF(D23="090-I","Golpes/cortes por objetos o herramientas",IF(D23="110-I","Atrapamiento por o entre objetos",IF(D23="100-I","Proyección de fragmentos o partículas",IF(D23="230-I","Atropellos o golpes con vehículos",IF(D23="250a-I","Otros riesgos de accidente a) inherentes a la manipulación de herramientas eléctricas",IF(D23="250b-I","Otros riesgos de accidente b) Inherentes a la manipulación de herramientas manuales",IF(D23="390","Otra exposición a) asfixia o intoxicación",IF(D23="160-I","Contactos Eléctricos",IF(D23="570","Organización del trabajo incorrecta",IF(D23="120-I","Atrapamiento por vuelco de máquinas",IF(D23="330","Ruido",IF(D23="340","Vibración",IF(D23="360","Radiaciones ionizantes",IF(D23="170","Exposición a sustancias nocivas",IF(D23="130","Sobreesfuerzos",IF(D23="380","Iluminación",IF(D23="330","Ruido",IF(D23="340","Vibración",IF(D23="360","Radiaciones ionizantes",IF(D23="170","Exposición a sustancias nocivas",IF(D23="130","Sobreesfuerzos",IF(D23="380","Iluminación")))))))))))))))))))))))))))))))))))))))))))) -> Caída de objetos en manipulación | F23: =IF(D23="","",IF(D23="010-E","Riesgo de seguridad (Riesgo Mecánico)",IF(D23="020-E","Riesgo de seguridad (Riesgo Mecánico)",IF(D23="030-E","Riesgo de seguridad (Riesgo Mecánico)",IF(D23="040-E","Riesgo de seguridad (Riesgo Mecánico)",IF(D23="090-E","Riesgo de seguridad (Riesgo Mecánico)",IF(D23="110-E","Riesgo de seguridad (Riesgo Mecánico)",IF(D23="100-E","Riesgo de seguridad (Riesgo Mecánico)",IF(D23="230-E","Riesgo de seguridad (Riesgo Mecánico)",IF(D23="250a-E","Riesgo de seguridad (Riesgo Mecánico)",IF(D23="250b-E","Riesgo de seguridad (Riesgo Mecánico)",IF(D23="160-E","Riesgo de seguridad (Riesgo Eléctrico)",IF(D23="150a-E","Riesgo de seguridad (Riesgo Industrial Mayor)",IF(D23="150b-E","Riesgo de seguridad (Riesgo Industrial Mayor)",IF(D23="150c-E","Riesgo de seguridad (Riesgo Industrial Mayor)",IF(D23="570","Riesgo de seguridad (Riesgo Locativo)",IF(D23="120-I","Riesgo Mecánico",IF(D23="330","Riesgo Físico",IF(D23="340","Riesgo Físico",IF(D23="360","Riesgo Físico",IF(D23="170","Riesgo Químico",IF(D23="130","Riesgo Ergonómico",IF(D23="380","Riesgo Físico",IF(D23="010-I","Riesgo de seguridad (Riesgo Mecánico)",IF(D23="020-I","Riesgo de seguridad (Riesgo Mecánico)",IF(D23="030-I","Riesgo de seguridad (Riesgo Mecánico)",IF(D23="040-I","Riesgo de seguridad (Riesgo Mecánico)",IF(D23="090-I","Riesgo de seguridad (Riesgo Mecánico)",IF(D23="110-I","Riesgo de seguridad (Riesgo Mecánico)",IF(D23="100-I","Riesgo de seguridad (Riesgo Mecánico)",IF(D23="230-I","Riesgo de seguridad (Riesgo Mecánico)",IF(D23="250a-I","Riesgo de seguridad (Riesgo Mecánico)",IF(D23="250b-I","Riesgo de seguridad (Riesgo Mecánico)",IF(D23="160-I","Riesgo de seguridad (Riesgo Eléctrico)",IF(D23="590","Riesgo de seguridad (Riesgo Mecánico)"))))))))))))))))))))))))))))))))))) -> Riesgo de seguridad (Riesgo Mecánico) | G23: ='E-MT-RM-COM'!J17 -> 4.3333333 | H23: =IF(G23="","",IF(AND(G23<=10,G23>6),"MD",IF(AND(G23<=6,G23>2),"D",IF(AND(G23<=2,G23>0),"M",IF(G23=0,"B"))))) -> D | I23: 3 | J23: =IF(I23=4,"EC",IF(I23=3,"EF",IF(I23=2,"EO",IF(I23=1,"EE","")))) -> EF | K23: =IF(I23="","",G23*I23) -> 13 | L23: =IF(K23="","",IF(K23>=24,"MA",IF(AND(K23<24,K23>8),"A",IF(AND(K23<=8,K23>4),"M",IF(AND(K23<=4,K23>=0),"B"))))) -> A | M23: 25 | N23: =IF(M23="","",IF(M23=100,"M",IF(M23=60,"MG",IF(M23=25,"G",IF(M23=10,"L",""))))) -> G | O23: =IF(M23="","",ROUND(M23*K23,0)) -> 325 | P23: =IF(O23="","",IF(O23="","",IF(AND(O23<=4000,O23>500),"I",IF(AND(O23<=500,O23>120),"II",IF(AND(O23<=120,O23>20),"III",IF(O23<=20,"IV")))))) -> II | Q23: =IF(P23="","",IF(P23="I","Situación Crítica. Corrección urgente.",IF(P23="II","Corregir y adoptar medidas de control.",IF(P23="III","Mejorar si es posible. Sería conveniente justificar la intervención y su rentabilidad.",IF(P23="IV","No intervenir, salvo que un análisis más preciso lo justifique."))))) -> Corregir y adoptar medidas de control. | R23: =IF(M23=10,"Pequeñas lesiones que no requieren hospitalización.",IF(M23=25,"Lesiones con incapacidad laboral transitoria (I. L. T.).",IF(M23=60,"Lesiones graves que pueden ser irreparables.",IF(M23=100,"1 muerto o más.")))) -> Lesiones con incapacidad laboral transitoria (I. L. T.). | S23: Si
B24: Si | C24: =IF(D24="","",IF(D24="010-E","Trabajo en altura/ zonas con desnivel",IF(D24="020-E","Superficies irregulares u obstruidas",IF(D24="030-E","Estructuras inestables/ espacios confinados",IF(D24="040-E","Desprendimiento de objetos",IF(D24="090-E","Manipulación de máquinas/ herramientas",IF(D24="100-E","Operaciones de conformado",IF(D24="110-E","Objetos fijos o móviles",IF(D24="250a-E","Situaciones fortuitas",IF(D24="230-E","Colisión/ impacto vehicular",IF(D24="250b-E","Situaciones fortuitas",IF(D24="160-E","Energía eléctrica",IF(D24="150a-E","Fuentes de calor",IF(D24="150b-E","Fuentes de calor",IF(D24="150c-E","Fuentes de calor",IF(D24="570","Condiciones inadecuadas",IF(D24="120-I","Maquinaria pesada",IF(D24="330","Niveles sonoros",IF(D24="340","Movimientos oscilatorios",IF(D24="360","Fuentes emisoras de energía",IF(D24="170","Sustancias químicas",IF(D24="380","Niveles lumínicos",IF(D24="010-I","Trabajo en altura/ zonas con desnivel",IF(D24="020-I","Superficies irregulares u obstruidas",IF(D24="030-I","Estructuras inestables/ espacios confinados",IF(D24="040-I","Desprendimiento de objetos",IF(D24="090-I","Manipulación de máquinas/ herramientas",IF(D24="100-I","Operaciones de conformado",IF(D24="110-I","Objetos fijos o móviles",IF(D24="250a-I","Situaciones fortuitas",IF(D24="230-I","Colisión/ impacto vehicular",IF(D24="250b-I","Situaciones fortuitas",IF(D24="160-I","Energía eléctrica",IF(D24="390","Atmósferas contaminadas",IF(D24="130","Posturas forzadas/ manipulación manual de cargas"))))))))))))))))))))))))))))))))))) -> Manipulación de máquinas/ herramientas | D24: 090-E | E24: =IF(D24="","",IF(D24="010-E","Caída de personas a distinto nivel",IF(D24="020-E","Caída de personas al mismo nivel",IF(D24="030-E","Caída de objetos por desplome",IF(D24="040-E","Caída de objetos en manipulación",IF(D24="090-E","Golpes/cortes por objetos o herramientas",IF(D24="110-E","Atrapamiento por o entre objetos",IF(D24="100-E","Proyección de fragmentos o partículas",IF(D24="230-E","Atropellos o golpes con vehículos",IF(D24="250a-E","Otros riesgos de accidente a) inherentes a la manipulación de herramientas eléctricas",IF(D24="250b-E","Otros riesgos de accidente b) Inherentes a la manipulación de herramientas manuales",IF(D24="160-E","Contactos Eléctricos",IF(D24="150a-E","Contactos térmicos a) inherentes al trabajador",IF(D24="150b-E","Contactos térmicos b) inherentes a la manipulación de elementos estructurales",IF(D24="150c-E","Contactos térmicos c) inherentes al proceso de soldadura",IF(D24="570","Organización del trabajo incorrecta",IF(D24="120-I","Atrapamiento por vuelco de máquinas",IF(D24="","",IF(D24="010-I","Caída de personas a distinto nivel",IF(D24="020-I","Caída de personas al mismo nivel",IF(D24="030-I","Caída de objetos por desplome",IF(D24="040-I","Caída de objetos en manipulación",IF(D24="090-I","Golpes/cortes por objetos o herramientas",IF(D24="110-I","Atrapamiento por o entre objetos",IF(D24="100-I","Proyección de fragmentos o partículas",IF(D24="230-I","Atropellos o golpes con vehículos",IF(D24="250a-I","Otros riesgos de accidente a) inherentes a la manipulación de herramientas eléctricas",IF(D24="250b-I","Otros riesgos de accidente b) Inherentes a la manipulación de herramientas manuales",IF(D24="390","Otra exposición a) asfixia o intoxicación",IF(D24="160-I","Contactos Eléctricos",IF(D24="570","Organización del trabajo incorrecta",IF(D24="120-I","Atrapamiento por vuelco de máquinas",IF(D24="330","Ruido",IF(D24="340","Vibración",IF(D24="360","Radiaciones ionizantes",IF(D24="170","Exposición a sustancias nocivas",IF(D24="130","Sobreesfuerzos",IF(D24="380","Iluminación",IF(D24="330","Ruido",IF(D24="340","Vibración",IF(D24="360","Radiaciones ionizantes",IF(D24="170","Exposición a sustancias nocivas",IF(D24="130","Sobreesfuerzos",IF(D24="380","Iluminación")))))))))))))))))))))))))))))))))))))))))))) -> Golpes/cortes por objetos o herramientas | F24: =IF(D24="","",IF(D24="010-E","Riesgo de seguridad (Riesgo Mecánico)",IF(D24="020-E","Riesgo de seguridad (Riesgo Mecánico)",IF(D24="030-E","Riesgo de seguridad (Riesgo Mecánico)",IF(D24="040-E","Riesgo de seguridad (Riesgo Mecánico)",IF(D24="090-E","Riesgo de seguridad (Riesgo Mecánico)",IF(D24="110-E","Riesgo de seguridad (Riesgo Mecánico)",IF(D24="100-E","Riesgo de seguridad (Riesgo Mecánico)",IF(D24="230-E","Riesgo de seguridad (Riesgo Mecánico)",IF(D24="250a-E","Riesgo de seguridad (Riesgo Mecánico)",IF(D24="250b-E","Riesgo de seguridad (Riesgo Mecánico)",IF(D24="160-E","Riesgo de seguridad (Riesgo Eléctrico)",IF(D24="150a-E","Riesgo de seguridad (Riesgo Industrial Mayor)",IF(D24="150b-E","Riesgo de seguridad (Riesgo Industrial Mayor)",IF(D24="150c-E","Riesgo de seguridad (Riesgo Industrial Mayor)",IF(D24="570","Riesgo de seguridad (Riesgo Locativo)",IF(D24="120-I","Riesgo Mecánico",IF(D24="330","Riesgo Físico",IF(D24="340","Riesgo Físico",IF(D24="360","Riesgo Físico",IF(D24="170","Riesgo Químico",IF(D24="130","Riesgo Ergonómico",IF(D24="380","Riesgo Físico",IF(D24="010-I","Riesgo de seguridad (Riesgo Mecánico)",IF(D24="020-I","Riesgo de seguridad (Riesgo Mecánico)",IF(D24="030-I","Riesgo de seguridad (Riesgo Mecánico)",IF(D24="040-I","Riesgo de seguridad (Riesgo Mecánico)",IF(D24="090-I","Riesgo de seguridad (Riesgo Mecánico)",IF(D24="110-I","Riesgo de seguridad (Riesgo Mecánico)",IF(D24="100-I","Riesgo de seguridad (Riesgo Mecánico)",IF(D24="230-I","Riesgo de seguridad (Riesgo Mecánico)",IF(D24="250a-I","Riesgo de seguridad (Riesgo Mecánico)",IF(D24="250b-I","Riesgo de seguridad (Riesgo Mecánico)",IF(D24="160-I","Riesgo de seguridad (Riesgo Eléctrico)",IF(D24="590","Riesgo de seguridad (Riesgo Mecánico)"))))))))))))))))))))))))))))))))))) -> Riesgo de seguridad (Riesgo Mecánico) | G24: ='E-MT-RM-CGOH'!J17 -> 5 | H24: =IF(G24="","",IF(AND(G24<=10,G24>6),"MD",IF(AND(G24<=6,G24>2),"D",IF(AND(G24<=2,G24>0),"M",IF(G24=0,"B"))))) -> D | I24: 3 | J24: =IF(I24=4,"EC",IF(I24=3,"EF",IF(I24=2,"EO",IF(I24=1,"EE","")))) -> EF | K24: =IF(I24="","",G24*I24) -> 15 | L24: =IF(K24="","",IF(K24>=24,"MA",IF(AND(K24<24,K24>8),"A",IF(AND(K24<=8,K24>4),"M",IF(AND(K24<=4,K24>=0),"B"))))) -> A | M24: 60 | N24: =IF(M24="","",IF(M24=100,"M",IF(M24=60,"MG",IF(M24=25,"G",IF(M24=10,"L",""))))) -> MG | O24: =IF(M24="","",ROUND(M24*K24,0)) -> 900 | P24: =IF(O24="","",IF(O24="","",IF(AND(O24<=4000,O24>500),"I",IF(AND(O24<=500,O24>120),"II",IF(AND(O24<=120,O24>20),"III",IF(O24<=20,"IV")))))) -> I | Q24: =IF(P24="","",IF(P24="I","Situación Crítica. Corrección urgente.",IF(P24="II","Corregir y adoptar medidas de control.",IF(P24="III","Mejorar si es posible. Sería conveniente justificar la intervención y su rentabilidad.",IF(P24="IV","No intervenir, salvo que un análisis más preciso lo justifique."))))) -> Situación Crítica. Corrección urgente. | R24: =IF(M24=10,"Pequeñas lesiones que no requieren hospitalización.",IF(M24=25,"Lesiones con incapacidad laboral transitoria (I. L. T.).",IF(M24=60,"Lesiones graves que pueden ser irreparables.",IF(M24=100,"1 muerto o más.")))) -> Lesiones graves que pueden ser irreparables. | S24: Si
B25: Si | C25: =IF(D25="","",IF(D25="010-E","Trabajo en altura/ zonas con desnivel",IF(D25="020-E","Superficies irregulares u obstruidas",IF(D25="030-E","Estructuras inestables/ espacios confinados",IF(D25="040-E","Desprendimiento de objetos",IF(D25="090-E","Manipulación de máquinas/ herramientas",IF(D25="100-E","Operaciones de conformado",IF(D25="110-E","Objetos fijos o móviles",IF(D25="250a-E","Situaciones fortuitas",IF(D25="230-E","Colisión/ impacto vehicular",IF(D25="250b-E","Situaciones fortuitas",IF(D25="160-E","Energía eléctrica",IF(D25="150a-E","Fuentes de calor",IF(D25="150b-E","Fuentes de calor",IF(D25="150c-E","Fuentes de calor",IF(D25="570","Condiciones inadecuadas",IF(D25="120-I","Maquinaria pesada",IF(D25="330","Niveles sonoros",IF(D25="340","Movimientos oscilatorios",IF(D25="360","Fuentes emisoras de energía",IF(D25="170","Sustancias químicas",IF(D25="380","Niveles lumínicos",IF(D25="010-I","Trabajo en altura/ zonas con desnivel",IF(D25="020-I","Superficies irregulares u obstruidas",IF(D25="030-I","Estructuras inestables/ espacios confinados",IF(D25="040-I","Desprendimiento de objetos",IF(D25="090-I","Manipulación de máquinas/ herramientas",IF(D25="100-I","Operaciones de conformado",IF(D25="110-I","Objetos fijos o móviles",IF(D25="250a-I","Situaciones fortuitas",IF(D25="230-I","Colisión/ impacto vehicular",IF(D25="250b-I","Situaciones fortuitas",IF(D25="160-I","Energía eléctrica",IF(D25="390","Atmósferas contaminadas",IF(D25="130","Posturas forzadas/ manipulación manual de cargas"))))))))))))))))))))))))))))))))))) -> Operaciones de conformado | D25: 100-E | E25: =IF(D25="","",IF(D25="010-E","Caída de personas a distinto nivel",IF(D25="020-E","Caída de personas al mismo nivel",IF(D25="030-E","Caída de objetos por desplome",IF(D25="040-E","Caída de objetos en manipulación",IF(D25="090-E","Golpes/cortes por objetos o herramientas",IF(D25="110-E","Atrapamiento por o entre objetos",IF(D25="100-E","Proyección de fragmentos o partículas",IF(D25="230-E","Atropellos o golpes con vehículos",IF(D25="250a-E","Otros riesgos de accidente a) inherentes a la manipulación de herramientas eléctricas",IF(D25="250b-E","Otros riesgos de accidente b) Inherentes a la manipulación de herramientas manuales",IF(D25="160-E","Contactos Eléctricos",IF(D25="150a-E","Contactos térmicos a) inherentes al trabajador",IF(D25="150b-E","Contactos térmicos b) inherentes a la manipulación de elementos estructurales",IF(D25="150c-E","Contactos térmicos c) inherentes al proceso de soldadura",IF(D25="570","Organización del trabajo incorrecta",IF(D25="120-I","Atrapamiento por vuelco de máquinas",IF(D25="","",IF(D25="010-I","Caída de personas a distinto nivel",IF(D25="020-I","Caída de personas al mismo nivel",IF(D25="030-I","Caída de objetos por desplome",IF(D25="040-I","Caída de objetos en manipulación",IF(D25="090-I","Golpes/cortes por objetos o herramientas",IF(D25="110-I","Atrapamiento por o entre objetos",IF(D25="100-I","Proyección de fragmentos o partículas",IF(D25="230-I","Atropellos o golpes con vehículos",IF(D25="250a-I","Otros riesgos de accidente a) inherentes a la manipulación de herramientas eléctricas",IF(D25="250b-I","Otros riesgos de accidente b) Inherentes a la manipulación de herramientas manuales",IF(D25="390","Otra exposición a) asfixia o intoxicación",IF(D25="160-I","Contactos Eléctricos",IF(D25="570","Organización del trabajo incorrecta",IF(D25="120-I","Atrapamiento por vuelco de máquinas",IF(D25="330","Ruido",IF(D25="340","Vibración",IF(D25="360","Radiaciones ionizantes",IF(D25="170","Exposición a sustancias nocivas",IF(D25="130","Sobreesfuerzos",IF(D25="380","Iluminación",IF(D25="330","Ruido",IF(D25="340","Vibración",IF(D25="360","Radiaciones ionizantes",IF(D25="170","Exposición a sustancias nocivas",IF(D25="130","Sobreesfuerzos",IF(D25="380","Iluminación")))))))))))))))))))))))))))))))))))))))))))) -> Proyección de fragmentos o partículas | F25: =IF(D25="","",IF(D25="010-E","Riesgo de seguridad (Riesgo Mecánico)",IF(D25="020-E","Riesgo de seguridad (Riesgo Mecánico)",IF(D25="030-E","Riesgo de seguridad (Riesgo Mecánico)",IF(D25="040-E","Riesgo de seguridad (Riesgo Mecánico)",IF(D25="090-E","Riesgo de seguridad (Riesgo Mecánico)",IF(D25="110-E","Riesgo de seguridad (Riesgo Mecánico)",IF(D25="100-E","Riesgo de seguridad (Riesgo Mecánico)",IF(D25="230-E","Riesgo de seguridad (Riesgo Mecánico)",IF(D25="250a-E","Riesgo de seguridad (Riesgo Mecánico)",IF(D25="250b-E","Riesgo de seguridad (Riesgo Mecánico)",IF(D25="160-E","Riesgo de seguridad (Riesgo Eléctrico)",IF(D25="150a-E","Riesgo de seguridad (Riesgo Industrial Mayor)",IF(D25="150b-E","Riesgo de seguridad (Riesgo Industrial Mayor)",IF(D25="150c-E","Riesgo de seguridad (Riesgo Industrial Mayor)",IF(D25="570","Riesgo de seguridad (Riesgo Locativo)",IF(D25="120-I","Riesgo Mecánico",IF(D25="330","Riesgo Físico",IF(D25="340","Riesgo Físico",IF(D25="360","Riesgo Físico",IF(D25="170","Riesgo Químico",IF(D25="130","Riesgo Ergonómico",IF(D25="380","Riesgo Físico",IF(D25="010-I","Riesgo de seguridad (Riesgo Mecánico)",IF(D25="020-I","Riesgo de seguridad (Riesgo Mecánico)",IF(D25="030-I","Riesgo de seguridad (Riesgo Mecánico)",IF(D25="040-I","Riesgo de seguridad (Riesgo Mecánico)",IF(D25="090-I","Riesgo de seguridad (Riesgo Mecánico)",IF(D25="110-I","Riesgo de seguridad (Riesgo Mecánico)",IF(D25="100-I","Riesgo de seguridad (Riesgo Mecánico)",IF(D25="230-I","Riesgo de seguridad (Riesgo Mecánico)",IF(D25="250a-I","Riesgo de seguridad (Riesgo Mecánico)",IF(D25="250b-I","Riesgo de seguridad (Riesgo Mecánico)",IF(D25="160-I","Riesgo de seguridad (Riesgo Eléctrico)",IF(D25="590","Riesgo de seguridad (Riesgo Mecánico)"))))))))))))))))))))))))))))))))))) -> Riesgo de seguridad (Riesgo Mecánico) | G25: ='E-MT-RM-PFP'!J13 -> 10 | H25: =IF(G25="","",IF(AND(G25<=10,G25>6),"MD",IF(AND(G25<=6,G25>2),"D",IF(AND(G25<=2,G25>0),"M",IF(G25=0,"B"))))) -> MD | I25: 3 | J25: =IF(I25=4,"EC",IF(I25=3,"EF",IF(I25=2,"EO",IF(I25=1,"EE","")))) -> EF | K25: =IF(I25="","",G25*I25) -> 30 | L25: =IF(K25="","",IF(K25>=24,"MA",IF(AND(K25<24,K25>8),"A",IF(AND(K25<=8,K25>4),"M",IF(AND(K25<=4,K25>=0),"B"))))) -> MA | M25: 60 | N25: =IF(M25="","",IF(M25=100,"M",IF(M25=60,"MG",IF(M25=25,"G",IF(M25=10,"L",""))))) -> MG | O25: =IF(M25="","",ROUND(M25*K25,0)) -> 1800 | P25: =IF(O25="","",IF(O25="","",IF(AND(O25<=4000,O25>500),"I",IF(AND(O25<=500,O25>120),"II",IF(AND(O25<=120,O25>20),"III",IF(O25<=20,"IV")))))) -> I | Q25: =IF(P25="","",IF(P25="I","Situación Crítica. Corrección urgente.",IF(P25="II","Corregir y adoptar medidas de control.",IF(P25="III","Mejorar si es posible. Sería conveniente justificar la intervención y su rentabilidad.",IF(P25="IV","No intervenir, salvo que un análisis más preciso lo justifique."))))) -> Situación Crítica. Corrección urgente. | R25: =IF(M25=10,"Pequeñas lesiones que no requieren hospitalización.",IF(M25=25,"Lesiones con incapacidad laboral transitoria (I. L. T.).",IF(M25=60,"Lesiones graves que pueden ser irreparables.",IF(M25=100,"1 muerto o más.")))) -> Lesiones graves que pueden ser irreparables. | S25: Si
B26: Si | C26: =IF(D26="","",IF(D26="010-E","Trabajo en altura/ zonas con desnivel",IF(D26="020-E","Superficies irregulares u obstruidas",IF(D26="030-E","Estructuras inestables/ espacios confinados",IF(D26="040-E","Desprendimiento de objetos",IF(D26="090-E","Manipulación de máquinas/ herramientas",IF(D26="100-E","Operaciones de conformado",IF(D26="110-E","Objetos fijos o móviles",IF(D26="250a-E","Situaciones fortuitas",IF(D26="230-E","Colisión/ impacto vehicular",IF(D26="250b-E","Situaciones fortuitas",IF(D26="160-E","Energía eléctrica",IF(D26="150a-E","Fuentes de calor",IF(D26="150b-E","Fuentes de calor",IF(D26="150c-E","Fuentes de calor",IF(D26="570","Condiciones inadecuadas",IF(D26="120-I","Maquinaria pesada",IF(D26="330","Niveles sonoros",IF(D26="340","Movimientos oscilatorios",IF(D26="360","Fuentes emisoras de energía",IF(D26="170","Sustancias químicas",IF(D26="380","Niveles lumínicos",IF(D26="010-I","Trabajo en altura/ zonas con desnivel",IF(D26="020-I","Superficies irregulares u obstruidas",IF(D26="030-I","Estructuras inestables/ espacios confinados",IF(D26="040-I","Desprendimiento de objetos",IF(D26="090-I","Manipulación de máquinas/ herramientas",IF(D26="100-I","Operaciones de conformado",IF(D26="110-I","Objetos fijos o móviles",IF(D26="250a-I","Situaciones fortuitas",IF(D26="230-I","Colisión/ impacto vehicular",IF(D26="250b-I","Situaciones fortuitas",IF(D26="160-I","Energía eléctrica",IF(D26="390","Atmósferas contaminadas",IF(D26="130","Posturas forzadas/ manipulación manual de cargas"))))))))))))))))))))))))))))))))))) -> Objetos fijos o móviles | D26: 110-E | E26: =IF(D26="","",IF(D26="010-E","Caída de personas a distinto nivel",IF(D26="020-E","Caída de personas al mismo nivel",IF(D26="030-E","Caída de objetos por desplome",IF(D26="040-E","Caída de objetos en manipulación",IF(D26="090-E","Golpes/cortes por objetos o herramientas",IF(D26="110-E","Atrapamiento por o entre objetos",IF(D26="100-E","Proyección de fragmentos o partículas",IF(D26="230-E","Atropellos o golpes con vehículos",IF(D26="250a-E","Otros riesgos de accidente a) inherentes a la manipulación de herramientas eléctricas",IF(D26="250b-E","Otros riesgos de accidente b) Inherentes a la manipulación de herramientas manuales",IF(D26="160-E","Contactos Eléctricos",IF(D26="150a-E","Contactos térmicos a) inherentes al trabajador",IF(D26="150b-E","Contactos térmicos b) inherentes a la manipulación de elementos estructurales",IF(D26="150c-E","Contactos térmicos c) inherentes al proceso de soldadura",IF(D26="570","Organización del trabajo incorrecta",IF(D26="120-I","Atrapamiento por vuelco de máquinas",IF(D26="","",IF(D26="010-I","Caída de personas a distinto nivel",IF(D26="020-I","Caída de personas al mismo nivel",IF(D26="030-I","Caída de objetos por desplome",IF(D26="040-I","Caída de objetos en manipulación",IF(D26="090-I","Golpes/cortes por objetos o herramientas",IF(D26="110-I","Atrapamiento por o entre objetos",IF(D26="100-I","Proyección de fragmentos o partículas",IF(D26="230-I","Atropellos o golpes con vehículos",IF(D26="250a-I","Otros riesgos de accidente a) inherentes a la manipulación de herramientas eléctricas",IF(D26="250b-I","Otros riesgos de accidente b) Inherentes a la manipulación de herramientas manuales",IF(D26="390","Otra exposición a) asfixia o intoxicación",IF(D26="160-I","Contactos Eléctricos",IF(D26="570","Organización del trabajo incorrecta",IF(D26="120-I","Atrapamiento por vuelco de máquinas",IF(D26="330","Ruido",IF(D26="340","Vibración",IF(D26="360","Radiaciones ionizantes",IF(D26="170","Exposición a sustancias nocivas",IF(D26="130","Sobreesfuerzos",IF(D26="380","Iluminación",IF(D26="330","Ruido",IF(D26="340","Vibración",IF(D26="360","Radiaciones ionizantes",IF(D26="170","Exposición a sustancias nocivas",IF(D26="130","Sobreesfuerzos",IF(D26="380","Iluminación")))))))))))))))))))))))))))))))))))))))))))) -> Atrapamiento por o entre objetos | F26: =IF(D26="","",IF(D26="010-E","Riesgo de seguridad (Riesgo Mecánico)",IF(D26="020-E","Riesgo de seguridad (Riesgo Mecánico)",IF(D26="030-E","Riesgo de seguridad (Riesgo Mecánico)",IF(D26="040-E","Riesgo de seguridad (Riesgo Mecánico)",IF(D26="090-E","Riesgo de seguridad (Riesgo Mecánico)",IF(D26="110-E","Riesgo de seguridad (Riesgo Mecánico)",IF(D26="100-E","Riesgo de seguridad (Riesgo Mecánico)",IF(D26="230-E","Riesgo de seguridad (Riesgo Mecánico)",IF(D26="250a-E","Riesgo de seguridad (Riesgo Mecánico)",IF(D26="250b-E","Riesgo de seguridad (Riesgo Mecánico)",IF(D26="160-E","Riesgo de seguridad (Riesgo Eléctrico)",IF(D26="150a-E","Riesgo de seguridad (Riesgo Industrial Mayor)",IF(D26="150b-E","Riesgo de seguridad (Riesgo Industrial Mayor)",IF(D26="150c-E","Riesgo de seguridad (Riesgo Industrial Mayor)",IF(D26="570","Riesgo de seguridad (Riesgo Locativo)",IF(D26="120-I","Riesgo Mecánico",IF(D26="330","Riesgo Físico",IF(D26="340","Riesgo Físico",IF(D26="360","Riesgo Físico",IF(D26="170","Riesgo Químico",IF(D26="130","Riesgo Ergonómico",IF(D26="380","Riesgo Físico",IF(D26="010-I","Riesgo de seguridad (Riesgo Mecánico)",IF(D26="020-I","Riesgo de seguridad (Riesgo Mecánico)",IF(D26="030-I","Riesgo de seguridad (Riesgo Mecánico)",IF(D26="040-I","Riesgo de seguridad (Riesgo Mecánico)",IF(D26="090-I","Riesgo de seguridad (Riesgo Mecánico)",IF(D26="110-I","Riesgo de seguridad (Riesgo Mecánico)",IF(D26="100-I","Riesgo de seguridad (Riesgo Mecánico)",IF(D26="230-I","Riesgo de seguridad (Riesgo Mecánico)",IF(D26="250a-I","Riesgo de seguridad (Riesgo Mecánico)",IF(D26="250b-I","Riesgo de seguridad (Riesgo Mecánico)",IF(D26="160-I","Riesgo de seguridad (Riesgo Eléctrico)",IF(D26="590","Riesgo de seguridad (Riesgo Mecánico)"))))))))))))))))))))))))))))))))))) -> Riesgo de seguridad (Riesgo Mecánico) | G26: ='E-MT-RM-APEO'!J17 -> 9 | H26: =IF(G26="","",IF(AND(G26<=10,G26>6),"MD",IF(AND(G26<=6,G26>2),"D",IF(AND(G26<=2,G26>0),"M",IF(G26=0,"B"))))) -> MD | I26: 4 | J26: =IF(I26=4,"EC",IF(I26=3,"EF",IF(I26=2,"EO",IF(I26=1,"EE","")))) -> EC | K26: =IF(I26="","",G26*I26) -> 36 | L26: =IF(K26="","",IF(K26>=24,"MA",IF(AND(K26<24,K26>8),"A",IF(AND(K26<=8,K26>4),"M",IF(AND(K26<=4,K26>=0),"B"))))) -> MA | M26: 25 | N26: =IF(M26="","",IF(M26=100,"M",IF(M26=60,"MG",IF(M26=25,"G",IF(M26=10,"L",""))))) -> G | O26: =IF(M26="","",ROUND(M26*K26,0)) -> 900 | P26: =IF(O26="","",IF(O26="","",IF(AND(O26<=4000,O26>500),"I",IF(AND(O26<=500,O26>120),"II",IF(AND(O26<=120,O26>20),"III",IF(O26<=20,"IV")))))) -> I | Q26: =IF(P26="","",IF(P26="I","Situación Crítica. Corrección urgente.",IF(P26="II","Corregir y adoptar medidas de control.",IF(P26="III","Mejorar si es posible. Sería conveniente justificar la intervención y su rentabilidad.",IF(P26="IV","No intervenir, salvo que un análisis más preciso lo justifique."))))) -> Situación Crítica. Corrección urgente. | R26: =IF(M26=10,"Pequeñas lesiones que no requieren hospitalización.",IF(M26=25,"Lesiones con incapacidad laboral transitoria (I. L. T.).",IF(M26=60,"Lesiones graves que pueden ser irreparables.",IF(M26=100,"1 muerto o más.")))) -> Lesiones con incapacidad laboral transitoria (I. L. T.). | S26: Si
B27: Si | C27: =IF(D27="","",IF(D27="010-E","Trabajo en altura/ zonas con desnivel",IF(D27="020-E","Superficies irregulares u obstruidas",IF(D27="030-E","Estructuras inestables/ espacios confinados",IF(D27="040-E","Desprendimiento de objetos",IF(D27="090-E","Manipulación de máquinas/ herramientas",IF(D27="100-E","Operaciones de conformado",IF(D27="110-E","Objetos fijos o móviles",IF(D27="250a-E","Situaciones fortuitas",IF(D27="230-E","Colisión/ impacto vehicular",IF(D27="250b-E","Situaciones fortuitas",IF(D27="160-E","Energía eléctrica",IF(D27="150a-E","Fuentes de calor",IF(D27="150b-E","Fuentes de calor",IF(D27="150c-E","Fuentes de calor",IF(D27="570","Condiciones inadecuadas",IF(D27="120-I","Maquinaria pesada",IF(D27="330","Niveles sonoros",IF(D27="340","Movimientos oscilatorios",IF(D27="360","Fuentes emisoras de energía",IF(D27="170","Sustancias químicas",IF(D27="380","Niveles lumínicos",IF(D27="010-I","Trabajo en altura/ zonas con desnivel",IF(D27="020-I","Superficies irregulares u obstruidas",IF(D27="030-I","Estructuras inestables/ espacios confinados",IF(D27="040-I","Desprendimiento de objetos",IF(D27="090-I","Manipulación de máquinas/ herramientas",IF(D27="100-I","Operaciones de conformado",IF(D27="110-I","Objetos fijos o móviles",IF(D27="250a-I","Situaciones fortuitas",IF(D27="230-I","Colisión/ impacto vehicular",IF(D27="250b-I","Situaciones fortuitas",IF(D27="160-I","Energía eléctrica",IF(D27="390","Atmósferas contaminadas",IF(D27="130","Posturas forzadas/ manipulación manual de cargas"))))))))))))))))))))))))))))))))))) -> Colisión/ impacto vehicular | D27: 230-E | E27: =IF(D27="","",IF(D27="010-E","Caída de personas a distinto nivel",IF(D27="020-E","Caída de personas al mismo nivel",IF(D27="030-E","Caída de objetos por desplome",IF(D27="040-E","Caída de objetos en manipulación",IF(D27="090-E","Golpes/cortes por objetos o herramientas",IF(D27="110-E","Atrapamiento por o entre objetos",IF(D27="100-E","Proyección de fragmentos o partículas",IF(D27="230-E","Atropellos o golpes con vehículos",IF(D27="250a-E","Otros riesgos de accidente a) inherentes a la manipulación de herramientas eléctricas",IF(D27="250b-E","Otros riesgos de accidente b) Inherentes a la manipulación de herramientas manuales",IF(D27="160-E","Contactos Eléctricos",IF(D27="150a-E","Contactos térmicos a) inherentes al trabajador",IF(D27="150b-E","Contactos térmicos b) inherentes a la manipulación de elementos estructurales",IF(D27="150c-E","Contactos térmicos c) inherentes al proceso de soldadura",IF(D27="570","Organización del trabajo incorrecta",IF(D27="120-I","Atrapamiento por vuelco de máquinas",IF(D27="","",IF(D27="010-I","Caída de personas a distinto nivel",IF(D27="020-I","Caída de personas al mismo nivel",IF(D27="030-I","Caída de objetos por desplome",IF(D27="040-I","Caída de objetos en manipulación",IF(D27="090-I","Golpes/cortes por objetos o herramientas",IF(D27="110-I","Atrapamiento por o entre objetos",IF(D27="100-I","Proyección de fragmentos o partículas",IF(D27="230-I","Atropellos o golpes con vehículos",IF(D27="250a-I","Otros riesgos de accidente a) inherentes a la manipulación de herramientas eléctricas",IF(D27="250b-I","Otros riesgos de accidente b) Inherentes a la manipulación de herramientas manuales",IF(D27="390","Otra exposición a) asfixia o intoxicación",IF(D27="160-I","Contactos Eléctricos",IF(D27="570","Organización del trabajo incorrecta",IF(D27="120-I","Atrapamiento por vuelco de máquinas",IF(D27="330","Ruido",IF(D27="340","Vibración",IF(D27="360","Radiaciones ionizantes",IF(D27="170","Exposición a sustancias nocivas",IF(D27="130","Sobreesfuerzos",IF(D27="380","Iluminación",IF(D27="330","Ruido",IF(D27="340","Vibración",IF(D27="360","Radiaciones ionizantes",IF(D27="170","Exposición a sustancias nocivas",IF(D27="130","Sobreesfuerzos",IF(D27="380","Iluminación")))))))))))))))))))))))))))))))))))))))))))) -> Atropellos o golpes con vehículos | F27: =IF(D27="","",IF(D27="010-E","Riesgo de seguridad (Riesgo Mecánico)",IF(D27="020-E","Riesgo de seguridad (Riesgo Mecánico)",IF(D27="030-E","Riesgo de seguridad (Riesgo Mecánico)",IF(D27="040-E","Riesgo de seguridad (Riesgo Mecánico)",IF(D27="090-E","Riesgo de seguridad (Riesgo Mecánico)",IF(D27="110-E","Riesgo de seguridad (Riesgo Mecánico)",IF(D27="100-E","Riesgo de seguridad (Riesgo Mecánico)",IF(D27="230-E","Riesgo de seguridad (Riesgo Mecánico)",IF(D27="250a-E","Riesgo de seguridad (Riesgo Mecánico)",IF(D27="250b-E","Riesgo de seguridad (Riesgo Mecánico)",IF(D27="160-E","Riesgo de seguridad (Riesgo Eléctrico)",IF(D27="150a-E","Riesgo de seguridad (Riesgo Industrial Mayor)",IF(D27="150b-E","Riesgo de seguridad (Riesgo Industrial Mayor)",IF(D27="150c-E","Riesgo de seguridad (Riesgo Industrial Mayor)",IF(D27="570","Riesgo de seguridad (Riesgo Locativo)",IF(D27="120-I","Riesgo Mecánico",IF(D27="330","Riesgo Físico",IF(D27="340","Riesgo Físico",IF(D27="360","Riesgo Físico",IF(D27="170","Riesgo Químico",IF(D27="130","Riesgo Ergonómico",IF(D27="380","Riesgo Físico",IF(D27="010-I","Riesgo de seguridad (Riesgo Mecánico)",IF(D27="020-I","Riesgo de seguridad (Riesgo Mecánico)",IF(D27="030-I","Riesgo de seguridad (Riesgo Mecánico)",IF(D27="040-I","Riesgo de seguridad (Riesgo Mecánico)",IF(D27="090-I","Riesgo de seguridad (Riesgo Mecánico)",IF(D27="110-I","Riesgo de seguridad (Riesgo Mecánico)",IF(D27="100-I","Riesgo de seguridad (Riesgo Mecánico)",IF(D27="230-I","Riesgo de seguridad (Riesgo Mecánico)",IF(D27="250a-I","Riesgo de seguridad (Riesgo Mecánico)",IF(D27="250b-I","Riesgo de seguridad (Riesgo Mecánico)",IF(D27="160-I","Riesgo de seguridad (Riesgo Eléctrico)",IF(D27="590","Riesgo de seguridad (Riesgo Mecánico)"))))))))))))))))))))))))))))))))))) -> Riesgo de seguridad (Riesgo Mecánico) | G27: ='E-MT-RM-AGV'!J19 -> 7.5 | H27: =IF(G27="","",IF(AND(G27<=10,G27>6),"MD",IF(AND(G27<=6,G27>2),"D",IF(AND(G27<=2,G27>0),"M",IF(G27=0,"B"))))) -> MD | I27: 4 | J27: =IF(I27=4,"EC",IF(I27=3,"EF",IF(I27=2,"EO",IF(I27=1,"EE","")))) -> EC | K27: =IF(I27="","",G27*I27) -> 30 | L27: =IF(K27="","",IF(K27>=24,"MA",IF(AND(K27<24,K27>8),"A",IF(AND(K27<=8,K27>4),"M",IF(AND(K27<=4,K27>=0),"B"))))) -> MA | M27: 100 | N27: =IF(M27="","",IF(M27=100,"M",IF(M27=60,"MG",IF(M27=25,"G",IF(M27=10,"L",""))))) -> M | O27: =IF(M27="","",ROUND(M27*K27,0)) -> 3000 | P27: =IF(O27="","",IF(O27="","",IF(AND(O27<=4000,O27>500),"I",IF(AND(O27<=500,O27>120),"II",IF(AND(O27<=120,O27>20),"III",IF(O27<=20,"IV")))))) -> I | Q27: =IF(P27="","",IF(P27="I","Situación Crítica. Corrección urgente.",IF(P27="II","Corregir y adoptar medidas de control.",IF(P27="III","Mejorar si es posible. Sería conveniente justificar la intervención y su rentabilidad.",IF(P27="IV","No intervenir, salvo que un análisis más preciso lo justifique."))))) -> Situación Crítica. Corrección urgente. | R27: =IF(M27=10,"Pequeñas lesiones que no requieren hospitalización.",IF(M27=25,"Lesiones con incapacidad laboral transitoria (I. L. T.).",IF(M27=60,"Lesiones graves que pueden ser irreparables.",IF(M27=100,"1 muerto o más.")))) -> 1 muerto o más. | S27: Si
B28: Si | C28: =IF(D28="","",IF(D28="010-E","Trabajo en altura/ zonas con desnivel",IF(D28="020-E","Superficies irregulares u obstruidas",IF(D28="030-E","Estructuras inestables/ espacios confinados",IF(D28="040-E","Desprendimiento de objetos",IF(D28="090-E","Manipulación de máquinas/ herramientas",IF(D28="100-E","Operaciones de conformado",IF(D28="110-E","Objetos fijos o móviles",IF(D28="250a-E","Situaciones fortuitas",IF(D28="230-E","Colisión/ impacto vehicular",IF(D28="250b-E","Situaciones fortuitas",IF(D28="160-E","Energía eléctrica",IF(D28="150a-E","Fuentes de calor",IF(D28="150b-E","Fuentes de calor",IF(D28="150c-E","Fuentes de calor",IF(D28="570","Condiciones inadecuadas",IF(D28="120-I","Maquinaria pesada",IF(D28="330","Niveles sonoros",IF(D28="340","Movimientos oscilatorios",IF(D28="360","Fuentes emisoras de energía",IF(D28="170","Sustancias químicas",IF(D28="380","Niveles lumínicos",IF(D28="010-I","Trabajo en altura/ zonas con desnivel",IF(D28="020-I","Superficies irregulares u obstruidas",IF(D28="030-I","Estructuras inestables/ espacios confinados",IF(D28="040-I","Desprendimiento de objetos",IF(D28="090-I","Manipulación de máquinas/ herramientas",IF(D28="100-I","Operaciones de conformado",IF(D28="110-I","Objetos fijos o móviles",IF(D28="250a-I","Situaciones fortuitas",IF(D28="230-I","Colisión/ impacto vehicular",IF(D28="250b-I","Situaciones fortuitas",IF(D28="160-I","Energía eléctrica",IF(D28="390","Atmósferas contaminadas",IF(D28="130","Posturas forzadas/ manipulación manual de cargas"))))))))))))))))))))))))))))))))))) -> Situaciones fortuitas | D28: 250a-E | E28: =IF(D28="","",IF(D28="010-E","Caída de personas a distinto nivel",IF(D28="020-E","Caída de personas al mismo nivel",IF(D28="030-E","Caída de objetos por desplome",IF(D28="040-E","Caída de objetos en manipulación",IF(D28="090-E","Golpes/cortes por objetos o herramientas",IF(D28="110-E","Atrapamiento por o entre objetos",IF(D28="100-E","Proyección de fragmentos o partículas",IF(D28="230-E","Atropellos o golpes con vehículos",IF(D28="250a-E","Otros riesgos de accidente a) inherentes a la manipulación de herramientas eléctricas",IF(D28="250b-E","Otros riesgos de accidente b) Inherentes a la manipulación de herramientas manuales",IF(D28="160-E","Contactos Eléctricos",IF(D28="150a-E","Contactos térmicos a) inherentes al trabajador",IF(D28="150b-E","Contactos térmicos b) inherentes a la manipulación de elementos estructurales",IF(D28="150c-E","Contactos térmicos c) inherentes al proceso de soldadura",IF(D28="570","Organización del trabajo incorrecta",IF(D28="120-I","Atrapamiento por vuelco de máquinas",IF(D28="","",IF(D28="010-I","Caída de personas a distinto nivel",IF(D28="020-I","Caída de personas al mismo nivel",IF(D28="030-I","Caída de objetos por desplome",IF(D28="040-I","Caída de objetos en manipulación",IF(D28="090-I","Golpes/cortes por objetos o herramientas",IF(D28="110-I","Atrapamiento por o entre objetos",IF(D28="100-I","Proyección de fragmentos o partículas",IF(D28="230-I","Atropellos o golpes con vehículos",IF(D28="250a-I","Otros riesgos de accidente a) inherentes a la manipulación de herramientas eléctricas",IF(D28="250b-I","Otros riesgos de accidente b) Inherentes a la manipulación de herramientas manuales",IF(D28="390","Otra exposición a) asfixia o intoxicación",IF(D28="160-I","Contactos Eléctricos",IF(D28="570","Organización del trabajo incorrecta",IF(D28="120-I","Atrapamiento por vuelco de máquinas",IF(D28="330","Ruido",IF(D28="340","Vibración",IF(D28="360","Radiaciones ionizantes",IF(D28="170","Exposición a sustancias nocivas",IF(D28="130","Sobreesfuerzos",IF(D28="380","Iluminación",IF(D28="330","Ruido",IF(D28="340","Vibración",IF(D28="360","Radiaciones ionizantes",IF(D28="170","Exposición a sustancias nocivas",IF(D28="130","Sobreesfuerzos",IF(D28="380","Iluminación")))))))))))))))))))))))))))))))))))))))))))) -> Otros riesgos de accidente a) inherentes a la manipulación de herramientas eléctricas | F28: =IF(D28="","",IF(D28="010-E","Riesgo de seguridad (Riesgo Mecánico)",IF(D28="020-E","Riesgo de seguridad (Riesgo Mecánico)",IF(D28="030-E","Riesgo de seguridad (Riesgo Mecánico)",IF(D28="040-E","Riesgo de seguridad (Riesgo Mecánico)",IF(D28="090-E","Riesgo de seguridad (Riesgo Mecánico)",IF(D28="110-E","Riesgo de seguridad (Riesgo Mecánico)",IF(D28="100-E","Riesgo de seguridad (Riesgo Mecánico)",IF(D28="230-E","Riesgo de seguridad (Riesgo Mecánico)",IF(D28="250a-E","Riesgo de seguridad (Riesgo Mecánico)",IF(D28="250b-E","Riesgo de seguridad (Riesgo Mecánico)",IF(D28="160-E","Riesgo de seguridad (Riesgo Eléctrico)",IF(D28="150a-E","Riesgo de seguridad (Riesgo Industrial Mayor)",IF(D28="150b-E","Riesgo de seguridad (Riesgo Industrial Mayor)",IF(D28="150c-E","Riesgo de seguridad (Riesgo Industrial Mayor)",IF(D28="570","Riesgo de seguridad (Riesgo Locativo)",IF(D28="120-I","Riesgo Mecánico",IF(D28="330","Riesgo Físico",IF(D28="340","Riesgo Físico",IF(D28="360","Riesgo Físico",IF(D28="170","Riesgo Químico",IF(D28="130","Riesgo Ergonómico",IF(D28="380","Riesgo Físico",IF(D28="010-I","Riesgo de seguridad (Riesgo Mecánico)",IF(D28="020-I","Riesgo de seguridad (Riesgo Mecánico)",IF(D28="030-I","Riesgo de seguridad (Riesgo Mecánico)",IF(D28="040-I","Riesgo de seguridad (Riesgo Mecánico)",IF(D28="090-I","Riesgo de seguridad (Riesgo Mecánico)",IF(D28="110-I","Riesgo de seguridad (Riesgo Mecánico)",IF(D28="100-I","Riesgo de seguridad (Riesgo Mecánico)",IF(D28="230-I","Riesgo de seguridad (Riesgo Mecánico)",IF(D28="250a-I","Riesgo de seguridad (Riesgo Mecánico)",IF(D28="250b-I","Riesgo de seguridad (Riesgo Mecánico)",IF(D28="160-I","Riesgo de seguridad (Riesgo Eléctrico)",IF(D28="590","Riesgo de seguridad (Riesgo Mecánico)"))))))))))))))))))))))))))))))))))) -> Riesgo de seguridad (Riesgo Mecánico) | G28: ='E-MT-RM-ORAa'!J15 -> 9.6153846 | H28: =IF(G28="","",IF(AND(G28<=10,G28>6),"MD",IF(AND(G28<=6,G28>2),"D",IF(AND(G28<=2,G28>0),"M",IF(G28=0,"B"))))) -> MD | I28: 3 | J28: =IF(I28=4,"EC",IF(I28=3,"EF",IF(I28=2,"EO",IF(I28=1,"EE","")))) -> EF | K28: =IF(I28="","",G28*I28) -> 28.846154 | L28: =IF(K28="","",IF(K28>=24,"MA",IF(AND(K28<24,K28>8),"A",IF(AND(K28<=8,K28>4),"M",IF(AND(K28<=4,K28>=0),"B"))))) -> MA | M28: 25 | N28: =IF(M28="","",IF(M28=100,"M",IF(M28=60,"MG",IF(M28=25,"G",IF(M28=10,"L",""))))) -> G | O28: =IF(M28="","",ROUND(M28*K28,0)) -> 721 | P28: =IF(O28="","",IF(O28="","",IF(AND(O28<=4000,O28>500),"I",IF(AND(O28<=500,O28>120),"II",IF(AND(O28<=120,O28>20),"III",IF(O28<=20,"IV")))))) -> I | Q28: =IF(P28="","",IF(P28="I","Situación Crítica. Corrección urgente.",IF(P28="II","Corregir y adoptar medidas de control.",IF(P28="III","Mejorar si es posible. Sería conveniente justificar la intervención y su rentabilidad.",IF(P28="IV","No intervenir, salvo que un análisis más preciso lo justifique."))))) -> Situación Crítica. Corrección urgente. | R28: =IF(M28=10,"Pequeñas lesiones que no requieren hospitalización.",IF(M28=25,"Lesiones con incapacidad laboral transitoria (I. L. T.).",IF(M28=60,"Lesiones graves que pueden ser irreparables.",IF(M28=100,"1 muerto o más.")))) -> Lesiones con incapacidad laboral transitoria (I. L. T.). | S28: Si
B29: Si | C29: =IF(D29="","",IF(D29="010-E","Trabajo en altura/ zonas con desnivel",IF(D29="020-E","Superficies irregulares u obstruidas",IF(D29="030-E","Estructuras inestables/ espacios confinados",IF(D29="040-E","Desprendimiento de objetos",IF(D29="090-E","Manipulación de máquinas/ herramientas",IF(D29="100-E","Operaciones de conformado",IF(D29="110-E","Objetos fijos o móviles",IF(D29="250a-E","Situaciones fortuitas",IF(D29="230-E","Colisión/ impacto vehicular",IF(D29="250b-E","Situaciones fortuitas",IF(D29="160-E","Energía eléctrica",IF(D29="150a-E","Fuentes de calor",IF(D29="150b-E","Fuentes de calor",IF(D29="150c-E","Fuentes de calor",IF(D29="570","Condiciones inadecuadas",IF(D29="120-I","Maquinaria pesada",IF(D29="330","Niveles sonoros",IF(D29="340","Movimientos oscilatorios",IF(D29="360","Fuentes emisoras de energía",IF(D29="170","Sustancias químicas",IF(D29="380","Niveles lumínicos",IF(D29="010-I","Trabajo en altura/ zonas con desnivel",IF(D29="020-I","Superficies irregulares u obstruidas",IF(D29="030-I","Estructuras inestables/ espacios confinados",IF(D29="040-I","Desprendimiento de objetos",IF(D29="090-I","Manipulación de máquinas/ herramientas",IF(D29="100-I","Operaciones de conformado",IF(D29="110-I","Objetos fijos o móviles",IF(D29="250a-I","Situaciones fortuitas",IF(D29="230-I","Colisión/ impacto vehicular",IF(D29="250b-I","Situaciones fortuitas",IF(D29="160-I","Energía eléctrica",IF(D29="390","Atmósferas contaminadas",IF(D29="130","Posturas forzadas/ manipulación manual de cargas"))))))))))))))))))))))))))))))))))) -> Situaciones fortuitas | D29: 250b-E | E29: =IF(D29="","",IF(D29="010-E","Caída de personas a distinto nivel",IF(D29="020-E","Caída de personas al mismo nivel",IF(D29="030-E","Caída de objetos por desplome",IF(D29="040-E","Caída de objetos en manipulación",IF(D29="090-E","Golpes/cortes por objetos o herramientas",IF(D29="110-E","Atrapamiento por o entre objetos",IF(D29="100-E","Proyección de fragmentos o partículas",IF(D29="230-E","Atropellos o golpes con vehículos",IF(D29="250a-E","Otros riesgos de accidente a) inherentes a la manipulación de herramientas eléctricas",IF(D29="250b-E","Otros riesgos de accidente b) Inherentes a la manipulación de herramientas manuales",IF(D29="160-E","Contactos Eléctricos",IF(D29="150a-E","Contactos térmicos a) inherentes al trabajador",IF(D29="150b-E","Contactos térmicos b) inherentes a la manipulación de elementos estructurales",IF(D29="150c-E","Contactos térmicos c) inherentes al proceso de soldadura",IF(D29="570","Organización del trabajo incorrecta",IF(D29="120-I","Atrapamiento por vuelco de máquinas",IF(D29="","",IF(D29="010-I","Caída de personas a distinto nivel",IF(D29="020-I","Caída de personas al mismo nivel",IF(D29="030-I","Caída de objetos por desplome",IF(D29="040-I","Caída de objetos en manipulación",IF(D29="090-I","Golpes/cortes por objetos o herramientas",IF(D29="110-I","Atrapamiento por o entre objetos",IF(D29="100-I","Proyección de fragmentos o partículas",IF(D29="230-I","Atropellos o golpes con vehículos",IF(D29="250a-I","Otros riesgos de accidente a) inherentes a la manipulación de herramientas eléctricas",IF(D29="250b-I","Otros riesgos de accidente b) Inherentes a la manipulación de herramientas manuales",IF(D29="390","Otra exposición a) asfixia o intoxicación",IF(D29="160-I","Contactos Eléctricos",IF(D29="570","Organización del trabajo incorrecta",IF(D29="120-I","Atrapamiento por vuelco de máquinas",IF(D29="330","Ruido",IF(D29="340","Vibración",IF(D29="360","Radiaciones ionizantes",IF(D29="170","Exposición a sustancias nocivas",IF(D29="130","Sobreesfuerzos",IF(D29="380","Iluminación",IF(D29="330","Ruido",IF(D29="340","Vibración",IF(D29="360","Radiaciones ionizantes",IF(D29="170","Exposición a sustancias nocivas",IF(D29="130","Sobreesfuerzos",IF(D29="380","Iluminación")))))))))))))))))))))))))))))))))))))))))))) -> Otros riesgos de accidente b) Inherentes a la manipulación de herramientas manuales | F29: =IF(D29="","",IF(D29="010-E","Riesgo de seguridad (Riesgo Mecánico)",IF(D29="020-E","Riesgo de seguridad (Riesgo Mecánico)",IF(D29="030-E","Riesgo de seguridad (Riesgo Mecánico)",IF(D29="040-E","Riesgo de seguridad (Riesgo Mecánico)",IF(D29="090-E","Riesgo de seguridad (Riesgo Mecánico)",IF(D29="110-E","Riesgo de seguridad (Riesgo Mecánico)",IF(D29="100-E","Riesgo de seguridad (Riesgo Mecánico)",IF(D29="230-E","Riesgo de seguridad (Riesgo Mecánico)",IF(D29="250a-E","Riesgo de seguridad (Riesgo Mecánico)",IF(D29="250b-E","Riesgo de seguridad (Riesgo Mecánico)",IF(D29="160-E","Riesgo de seguridad (Riesgo Eléctrico)",IF(D29="150a-E","Riesgo de seguridad (Riesgo Industrial Mayor)",IF(D29="150b-E","Riesgo de seguridad (Riesgo Industrial Mayor)",IF(D29="150c-E","Riesgo de seguridad (Riesgo Industrial Mayor)",IF(D29="570","Riesgo de seguridad (Riesgo Locativo)",IF(D29="120-I","Riesgo Mecánico",IF(D29="330","Riesgo Físico",IF(D29="340","Riesgo Físico",IF(D29="360","Riesgo Físico",IF(D29="170","Riesgo Químico",IF(D29="130","Riesgo Ergonómico",IF(D29="380","Riesgo Físico",IF(D29="010-I","Riesgo de seguridad (Riesgo Mecánico)",IF(D29="020-I","Riesgo de seguridad (Riesgo Mecánico)",IF(D29="030-I","Riesgo de seguridad (Riesgo Mecánico)",IF(D29="040-I","Riesgo de seguridad (Riesgo Mecánico)",IF(D29="090-I","Riesgo de seguridad (Riesgo Mecánico)",IF(D29="110-I","Riesgo de seguridad (Riesgo Mecánico)",IF(D29="100-I","Riesgo de seguridad (Riesgo Mecánico)",IF(D29="230-I","Riesgo de seguridad (Riesgo Mecánico)",IF(D29="250a-I","Riesgo de seguridad (Riesgo Mecánico)",IF(D29="250b-I","Riesgo de seguridad (Riesgo Mecánico)",IF(D29="160-I","Riesgo de seguridad (Riesgo Eléctrico)",IF(D29="590","Riesgo de seguridad (Riesgo Mecánico)"))))))))))))))))))))))))))))))))))) -> Riesgo de seguridad (Riesgo Mecánico) | G29: ='E-MT-RM-ORAb'!J15 -> 6.5 | H29: =IF(G29="","",IF(AND(G29<=10,G29>6),"MD",IF(AND(G29<=6,G29>2),"D",IF(AND(G29<=2,G29>0),"M",IF(G29=0,"B"))))) -> MD | I29: 3 | J29: =IF(I29=4,"EC",IF(I29=3,"EF",IF(I29=2,"EO",IF(I29=1,"EE","")))) -> EF | K29: =IF(I29="","",G29*I29) -> 19.5 | L29: =IF(K29="","",IF(K29>=24,"MA",IF(AND(K29<24,K29>8),"A",IF(AND(K29<=8,K29>4),"M",IF(AND(K29<=4,K29>=0),"B"))))) -> A | M29: 25 | N29: =IF(M29="","",IF(M29=100,"M",IF(M29=60,"MG",IF(M29=25,"G",IF(M29=10,"L",""))))) -> G | O29: =IF(M29="","",ROUND(M29*K29,0)) -> 488 | P29: =IF(O29="","",IF(O29="","",IF(AND(O29<=4000,O29>500),"I",IF(AND(O29<=500,O29>120),"II",IF(AND(O29<=120,O29>20),"III",IF(O29<=20,"IV")))))) -> II | Q29: =IF(P29="","",IF(P29="I","Situación Crítica. Corrección urgente.",IF(P29="II","Corregir y adoptar medidas de control.",IF(P29="III","Mejorar si es posible. Sería conveniente justificar la intervención y su rentabilidad.",IF(P29="IV","No intervenir, salvo que un análisis más preciso lo justifique."))))) -> Corregir y adoptar medidas de control. | R29: =IF(M29=10,"Pequeñas lesiones que no requieren hospitalización.",IF(M29=25,"Lesiones con incapacidad laboral transitoria (I. L. T.).",IF(M29=60,"Lesiones graves que pueden ser irreparables.",IF(M29=100,"1 muerto o más.")))) -> Lesiones con incapacidad laboral transitoria (I. L. T.). | S29: Si
B30: Si | C30: =IF(D30="","",IF(D30="010-E","Trabajo en altura/ zonas con desnivel",IF(D30="020-E","Superficies irregulares u obstruidas",IF(D30="030-E","Estructuras inestables/ espacios confinados",IF(D30="040-E","Desprendimiento de objetos",IF(D30="090-E","Manipulación de máquinas/ herramientas",IF(D30="100-E","Operaciones de conformado",IF(D30="110-E","Objetos fijos o móviles",IF(D30="250a-E","Situaciones fortuitas",IF(D30="230-E","Colisión/ impacto vehicular",IF(D30="250b-E","Situaciones fortuitas",IF(D30="160-E","Energía eléctrica",IF(D30="150a-E","Fuentes de calor",IF(D30="150b-E","Fuentes de calor",IF(D30="150c-E","Fuentes de calor",IF(D30="570","Condiciones inadecuadas",IF(D30="120-I","Maquinaria pesada",IF(D30="330","Niveles sonoros",IF(D30="340","Movimientos oscilatorios",IF(D30="360","Fuentes emisoras de energía",IF(D30="170","Sustancias químicas",IF(D30="380","Niveles lumínicos",IF(D30="010-I","Trabajo en altura/ zonas con desnivel",IF(D30="020-I","Superficies irregulares u obstruidas",IF(D30="030-I","Estructuras inestables/ espacios confinados",IF(D30="040-I","Desprendimiento de objetos",IF(D30="090-I","Manipulación de máquinas/ herramientas",IF(D30="100-I","Operaciones de conformado",IF(D30="110-I","Objetos fijos o móviles",IF(D30="250a-I","Situaciones fortuitas",IF(D30="230-I","Colisión/ impacto vehicular",IF(D30="250b-I","Situaciones fortuitas",IF(D30="160-I","Energía eléctrica",IF(D30="390","Atmósferas contaminadas",IF(D30="130","Posturas forzadas/ manipulación manual de cargas"))))))))))))))))))))))))))))))))))) -> Energía eléctrica | D30: 160-E | E30: =IF(D30="","",IF(D30="010-E","Caída de personas a distinto nivel",IF(D30="020-E","Caída de personas al mismo nivel",IF(D30="030-E","Caída de objetos por desplome",IF(D30="040-E","Caída de objetos en manipulación",IF(D30="090-E","Golpes/cortes por objetos o herramientas",IF(D30="110-E","Atrapamiento por o entre objetos",IF(D30="100-E","Proyección de fragmentos o partículas",IF(D30="230-E","Atropellos o golpes con vehículos",IF(D30="250a-E","Otros riesgos de accidente a) inherentes a la manipulación de herramientas eléctricas",IF(D30="250b-E","Otros riesgos de accidente b) Inherentes a la manipulación de herramientas manuales",IF(D30="160-E","Contactos Eléctricos",IF(D30="150a-E","Contactos térmicos a) inherentes al trabajador",IF(D30="150b-E","Contactos térmicos b) inherentes a la manipulación de elementos estructurales",IF(D30="150c-E","Contactos térmicos c) inherentes al proceso de soldadura",IF(D30="570","Organización del trabajo incorrecta",IF(D30="120-I","Atrapamiento por vuelco de máquinas",IF(D30="","",IF(D30="010-I","Caída de personas a distinto nivel",IF(D30="020-I","Caída de personas al mismo nivel",IF(D30="030-I","Caída de objetos por desplome",IF(D30="040-I","Caída de objetos en manipulación",IF(D30="090-I","Golpes/cortes por objetos o herramientas",IF(D30="110-I","Atrapamiento por o entre objetos",IF(D30="100-I","Proyección de fragmentos o partículas",IF(D30="230-I","Atropellos o golpes con vehículos",IF(D30="250a-I","Otros riesgos de accidente a) inherentes a la manipulación de herramientas eléctricas",IF(D30="250b-I","Otros riesgos de accidente b) Inherentes a la manipulación de herramientas manuales",IF(D30="390","Otra exposición a) asfixia o intoxicación",IF(D30="160-I","Contactos Eléctricos",IF(D30="570","Organización del trabajo incorrecta",IF(D30="120-I","Atrapamiento por vuelco de máquinas",IF(D30="330","Ruido",IF(D30="340","Vibración",IF(D30="360","Radiaciones ionizantes",IF(D30="170","Exposición a sustancias nocivas",IF(D30="130","Sobreesfuerzos",IF(D30="380","Iluminación",IF(D30="330","Ruido",IF(D30="340","Vibración",IF(D30="360","Radiaciones ionizantes",IF(D30="170","Exposición a sustancias nocivas",IF(D30="130","Sobreesfuerzos",IF(D30="380","Iluminación")))))))))))))))))))))))))))))))))))))))))))) -> Contactos Eléctricos | F30: =IF(D30="","",IF(D30="010-E","Riesgo de seguridad (Riesgo Mecánico)",IF(D30="020-E","Riesgo de seguridad (Riesgo Mecánico)",IF(D30="030-E","Riesgo de seguridad (Riesgo Mecánico)",IF(D30="040-E","Riesgo de seguridad (Riesgo Mecánico)",IF(D30="090-E","Riesgo de seguridad (Riesgo Mecánico)",IF(D30="110-E","Riesgo de seguridad (Riesgo Mecánico)",IF(D30="100-E","Riesgo de seguridad (Riesgo Mecánico)",IF(D30="230-E","Riesgo de seguridad (Riesgo Mecánico)",IF(D30="250a-E","Riesgo de seguridad (Riesgo Mecánico)",IF(D30="250b-E","Riesgo de seguridad (Riesgo Mecánico)",IF(D30="160-E","Riesgo de seguridad (Riesgo Eléctrico)",IF(D30="150a-E","Riesgo de seguridad (Riesgo Industrial Mayor)",IF(D30="150b-E","Riesgo de seguridad (Riesgo Industrial Mayor)",IF(D30="150c-E","Riesgo de seguridad (Riesgo Industrial Mayor)",IF(D30="570","Riesgo de seguridad (Riesgo Locativo)",IF(D30="120-I","Riesgo Mecánico",IF(D30="330","Riesgo Físico",IF(D30="340","Riesgo Físico",IF(D30="360","Riesgo Físico",IF(D30="170","Riesgo Químico",IF(D30="130","Riesgo Ergonómico",IF(D30="380","Riesgo Físico",IF(D30="010-I","Riesgo de seguridad (Riesgo Mecánico)",IF(D30="020-I","Riesgo de seguridad (Riesgo Mecánico)",IF(D30="030-I","Riesgo de seguridad (Riesgo Mecánico)",IF(D30="040-I","Riesgo de seguridad (Riesgo Mecánico)",IF(D30="090-I","Riesgo de seguridad (Riesgo Mecánico)",IF(D30="110-I","Riesgo de seguridad (Riesgo Mecánico)",IF(D30="100-I","Riesgo de seguridad (Riesgo Mecánico)",IF(D30="230-I","Riesgo de seguridad (Riesgo Mecánico)",IF(D30="250a-I","Riesgo de seguridad (Riesgo Mecánico)",IF(D30="250b-I","Riesgo de seguridad (Riesgo Mecánico)",IF(D30="160-I","Riesgo de seguridad (Riesgo Eléctrico)",IF(D30="590","Riesgo de seguridad (Riesgo Mecánico)"))))))))))))))))))))))))))))))))))) -> Riesgo de seguridad (Riesgo Eléctrico) | G30: ='E-MT-RE-CE'!J20 -> 8.3783784 | H30: =IF(G30="","",IF(AND(G30<=10,G30>6),"MD",IF(AND(G30<=6,G30>2),"D",IF(AND(G30<=2,G30>0),"M",IF(G30=0,"B"))))) -> MD | I30: 3 | J30: =IF(I30=4,"EC",IF(I30=3,"EF",IF(I30=2,"EO",IF(I30=1,"EE","")))) -> EF | K30: =IF(I30="","",G30*I30) -> 25.135135 | L30: =IF(K30="","",IF(K30>=24,"MA",IF(AND(K30<24,K30>8),"A",IF(AND(K30<=8,K30>4),"M",IF(AND(K30<=4,K30>=0),"B"))))) -> MA | M30: 25 | N30: =IF(M30="","",IF(M30=100,"M",IF(M30=60,"MG",IF(M30=25,"G",IF(M30=10,"L",""))))) -> G | O30: =IF(M30="","",ROUND(M30*K30,0)) -> 628 | P30: =IF(O30="","",IF(O30="","",IF(AND(O30<=4000,O30>500),"I",IF(AND(O30<=500,O30>120),"II",IF(AND(O30<=120,O30>20),"III",IF(O30<=20,"IV")))))) -> I | Q30: =IF(P30="","",IF(P30="I","Situación Crítica. Corrección urgente.",IF(P30="II","Corregir y adoptar medidas de control.",IF(P30="III","Mejorar si es posible. Sería conveniente justificar la intervención y su rentabilidad.",IF(P30="IV","No intervenir, salvo que un análisis más preciso lo justifique."))))) -> Situación Crítica. Corrección urgente. | R30: =IF(M30=10,"Pequeñas lesiones que no requieren hospitalización.",IF(M30=25,"Lesiones con incapacidad laboral transitoria (I. L. T.).",IF(M30=60,"Lesiones graves que pueden ser irreparables.",IF(M30=100,"1 muerto o más.")))) -> Lesiones con incapacidad laboral transitoria (I. L. T.). | S30: Si
